usCite,term,chief,caseName,majOpinWriter,majVotes,minVotes,vote_HHBurton,vote_RHJackson,vote_WODouglas,vote_FFrankfurter,vote_SFReed,vote_HLBlack,vote_WBRutledge,vote_FMurphy,vote_FMVinson,vote_TCClark,vote_SMinton,vote_EWarren,vote_JHarlan2,vote_WJBrennan,vote_CEWhittaker,vote_PStewart,vote_BRWhite,vote_AJGoldberg,vote_AFortas,vote_TMarshall,vote_WEBurger,vote_HABlackmun,vote_LFPowell,vote_WHRehnquist,vote_JPStevens,vote_SDOConnor,vote_AScalia,vote_AMKennedy,vote_DHSouter,vote_CThomas,vote_RBGinsburg,vote_SGBreyer,vote_JGRoberts,vote_SAAlito,vote_SSotomayor,vote_EKagan,vote_NMGorsuch,vote_BMKavanaugh,vote_ACBarrett,dateDecision,Filed Date,Year,BG_include,Westlaw_search,Include?,decisionFavored_BG,sgFavoredOrRep,party1,party2,partyDecisionFavored,partySGFavored,lawEconCitation,Notes
396 U.S. 491,1969,Burger,UNITED STATES v. INTERSTATE COMMERCE COMMISSION et al.,99,7,0,NA,NA,NA,NA,NA,1,NA,NA,NA,NA,NA,NA,1,1,NA,1,1,NA,NA,1,1,NA,NA,NA,NA,NA,NA,NA,NA,NA,NA,NA,NA,NA,NA,NA,NA,NA,NA,NA,1970/02/02 00:00:00,1970,No,Yes,No,NA,NA,NA,NA,NA,NA,NA,NA
397 U.S. 1,1969,Burger,UNITED STATES v. KORDEL et al.,94,7,0,NA,NA,1,NA,NA,NA,NA,NA,NA,NA,NA,NA,1,1,NA,1,1,NA,NA,1,1,NA,NA,NA,NA,NA,NA,NA,NA,NA,NA,NA,NA,NA,NA,NA,NA,NA,NA,NA,1970/02/24 00:00:00,1970,No,Yes,No,NA,NA,NA,NA,NA,NA,NA,NA
398 U.S. 268,1969,Burger,UNITED STATES v. ARMOUR & CO. et al.,NA,5,1,NA,NA,2,NA,NA,NA,NA,NA,NA,NA,NA,NA,1,1,NA,1,1,NA,NA,NA,1,NA,NA,NA,NA,NA,NA,NA,NA,NA,NA,NA,NA,NA,NA,NA,NA,NA,NA,NA,1970/06/01 00:00:00,1970,No,Yes,No,NA,NA,NA,NA,NA,NA,NA,NA
398 U.S. 333,1969,Burger,WELSH v. UNITED STATES,78,5,3,NA,NA,1,NA,NA,5,NA,NA,NA,NA,NA,NA,4,1,NA,2,2,NA,NA,1,2,NA,NA,NA,NA,NA,NA,NA,NA,NA,NA,NA,NA,NA,NA,NA,NA,NA,NA,NA,1970/06/15 00:00:00,1970,No,Yes,No,NA,NA,NA,NA,NA,NA,NA,NA
399 U.S. 222,1969,Burger,PERKINS v. STANDARD OIL CO. OF CALIFORNIA,NA,8,0,NA,NA,1,NA,NA,1,NA,NA,NA,NA,NA,NA,NA,1,NA,1,1,NA,NA,1,1,1,NA,NA,NA,NA,NA,NA,NA,NA,NA,NA,NA,NA,NA,NA,NA,NA,NA,NA,1970/06/23 00:00:00,1970,Yes,No,Yes,P,None,Individual,Company,p1,None,No,NA
399 U.S. 267,1969,Burger,UNITED STATES v. SISSON,91,5,3,NA,NA,2,NA,NA,4,NA,NA,NA,NA,NA,NA,1,1,NA,1,2,NA,NA,1,2,NA,NA,NA,NA,NA,NA,NA,NA,NA,NA,NA,NA,NA,NA,NA,NA,NA,NA,NA,1970/06/29 00:00:00,1970,No,Yes,No,NA,NA,NA,NA,NA,NA,NA,NA
401 U.S. 302,1970,Burger,"RAMSEY et al., DBA LEON NUNLEY COAL CO., et al. v. UNITED MINE WORKERS OF AMERICA",95,5,4,NA,NA,2,NA,NA,2,NA,NA,NA,NA,NA,NA,2,1,NA,1,1,NA,NA,2,1,1,NA,NA,NA,NA,NA,NA,NA,NA,NA,NA,NA,NA,NA,NA,NA,NA,NA,NA,1971/02/24 00:00:00,1971,Yes,Yes,Yes,P,None,Company,Union,p1,None,No,NA
401 U.S. 321,1970,Burger,"ZENITH RADIO CORP. v. HAZELTINE RESEARCH, INC.",95,9,0,NA,NA,1,NA,NA,1,NA,NA,NA,NA,NA,NA,4,1,NA,4,1,NA,NA,1,1,1,NA,NA,NA,NA,NA,NA,NA,NA,NA,NA,NA,NA,NA,NA,NA,NA,NA,NA,1971/02/24 00:00:00,1971,Yes,Yes,Yes,P,None,Company,Company,p1,None,Yes,NA
401 U.S. 486,1970,Burger,"UNITED MINE WORKERS OF AMERICA v. RAILING et al., DBA C & P COAL CO.",NA,7,2,NA,NA,1,NA,NA,1,NA,NA,NA,NA,NA,NA,7,1,NA,1,1,NA,NA,1,7,1,NA,NA,NA,NA,NA,NA,NA,NA,NA,NA,NA,NA,NA,NA,NA,NA,NA,NA,1971/03/22 00:00:00,1971,Yes,No,Yes,D,None,Union,Company,p1,None,No,NA
402 U.S. 146,1970,Burger,PEREZ v. UNITED STATES,81,8,1,NA,NA,1,NA,NA,1,NA,NA,NA,NA,NA,NA,1,1,NA,2,1,NA,NA,1,1,1,NA,NA,NA,NA,NA,NA,NA,NA,NA,NA,NA,NA,NA,NA,NA,NA,NA,NA,1971/04/26 00:00:00,1971,No,Yes,No,NA,NA,NA,NA,NA,NA,NA,NA
402 U.S. 313,1970,Burger,"BLONDER-TONGUE LABORATORIES, INC. v. UNIVERSITY OF ILLINOIS FOUNDATION et al.",95,9,0,NA,NA,1,NA,NA,1,NA,NA,NA,NA,NA,NA,1,1,NA,1,1,NA,NA,1,1,1,NA,NA,NA,NA,NA,NA,NA,NA,NA,NA,NA,NA,NA,NA,NA,NA,NA,NA,1971/05/03 00:00:00,1971,No,Yes,No,NA,NA,NA,NA,NA,NA,NA,NA
402 U.S. 549,1970,Burger,"UNITED STATES v. GREATER BUFFALO PRESS, INC., et al.",81,9,0,NA,NA,1,NA,NA,1,NA,NA,NA,NA,NA,NA,1,1,NA,1,1,NA,NA,1,1,1,NA,NA,NA,NA,NA,NA,NA,NA,NA,NA,NA,NA,NA,NA,NA,NA,NA,NA,1971/06/01 00:00:00,1971,Yes,Yes,Yes,P,"NA",Federal government,Company,p1,p1,No,NA
402 U.S. 673,1970,Burger,UNITED STATES v. ARMOUR & CO. et al.,98,4,3,NA,NA,2,NA,NA,NA,NA,NA,NA,NA,NA,NA,1,2,NA,1,2,NA,NA,1,1,NA,NA,NA,NA,NA,NA,NA,NA,NA,NA,NA,NA,NA,NA,NA,NA,NA,NA,NA,1971/06/01 00:00:00,1971,No,Yes,No,NA,NA,NA,NA,NA,NA,NA,NA
404 U.S. 508,1971,Burger,CALIFORNIA MOTOR TRANSPORT CO. et al. v. TRUCKING UNLIMITED et al.,81,7,0,NA,NA,1,NA,NA,NA,NA,NA,NA,NA,NA,NA,NA,4,NA,4,1,NA,NA,1,1,1,NA,NA,NA,NA,NA,NA,NA,NA,NA,NA,NA,NA,NA,NA,NA,NA,NA,NA,1972/01/13 00:00:00,1972,No,Yes,No,NA,NA,NA,NA,NA,NA,NA,NA
404 U.S. 558,1971,Burger,UNITED STATES v. STANDARD OIL CO. OF CALIFORNIA,NA,9,0,NA,NA,1,NA,NA,NA,NA,NA,NA,NA,NA,NA,NA,1,NA,1,1,NA,NA,1,1,1,1,1,NA,NA,NA,NA,NA,NA,NA,NA,NA,NA,NA,NA,NA,NA,NA,NA,1972/01/24 00:00:00,1972,No,Yes,No,NA,NA,NA,NA,NA,NA,NA,NA
405 U.S. 233,1971,Burger,FEDERAL TRADE COMMISSION v. SPERRY & HUTCHINSON CO.,95,7,0,NA,NA,1,NA,NA,NA,NA,NA,NA,NA,NA,NA,NA,1,NA,1,1,NA,NA,1,1,1,NA,NA,NA,NA,NA,NA,NA,NA,NA,NA,NA,NA,NA,NA,NA,NA,NA,NA,1972/03/01 00:00:00,1972,No,Yes,No,NA,NA,NA,NA,NA,NA,NA,NA
405 U.S. 251,1971,Burger,HAWAII v. STANDARD OIL CO. OF CALIFORNIA et al.,98,5,2,NA,NA,2,NA,NA,NA,NA,NA,NA,NA,NA,NA,NA,2,NA,1,1,NA,NA,1,1,1,NA,NA,NA,NA,NA,NA,NA,NA,NA,NA,NA,NA,NA,NA,NA,NA,NA,NA,1972/03/01 00:00:00,1972,No,Yes,No,NA,NA,NA,NA,NA,NA,NA,NA
405 U.S. 298,1971,Burger,UNITED STATES v. MISSISSIPPI CHEMICAL CORP. et al.,98,8,0,NA,NA,1,NA,NA,NA,NA,NA,NA,NA,NA,NA,NA,1,NA,1,1,NA,NA,1,1,NA,1,1,NA,NA,NA,NA,NA,NA,NA,NA,NA,NA,NA,NA,NA,NA,NA,NA,1972/03/06 00:00:00,1972,No,Yes,No,NA,NA,NA,NA,NA,NA,NA,NA
405 U.S. 562,1971,Burger,FORD MOTOR CO. v. UNITED STATES et al.,81,5,2,NA,NA,1,NA,NA,NA,NA,NA,NA,NA,NA,NA,NA,1,NA,4,1,NA,NA,1,2,2,NA,NA,NA,NA,NA,NA,NA,NA,NA,NA,NA,NA,NA,NA,NA,NA,NA,NA,1972/03/29 00:00:00,1972,Yes,Yes,Yes,D,"NA",Company,Government,p2,p2,Yes,Incorrect BG coding?
405 U.S. 596,1971,Burger,"UNITED STATES v. TOPCO ASSOCIATES, INC.",98,6,1,NA,NA,1,NA,NA,NA,NA,NA,NA,NA,NA,NA,NA,1,NA,1,1,NA,NA,1,2,4,NA,NA,NA,NA,NA,NA,NA,NA,NA,NA,NA,NA,NA,NA,NA,NA,NA,NA,1972/03/29 00:00:00,1972,Yes,Yes,Yes,P,"NA",Federal government,Company,p1,p1,Yes,NA
406 U.S. 109,1971,Burger,WASHINGTON et al. v. GENERAL MOTORS CORP. et al.,81,8,0,NA,NA,1,NA,NA,NA,NA,NA,NA,NA,NA,NA,NA,1,NA,1,1,NA,NA,1,1,1,NA,1,NA,NA,NA,NA,NA,NA,NA,NA,NA,NA,NA,NA,NA,NA,NA,NA,1972/04/24 00:00:00,1972,No,Yes,No,NA,NA,NA,NA,NA,NA,NA,NA
407 U.S. 258,1971,Burger,FLOOD v. KUHN et al.,100,5,3,NA,NA,2,NA,NA,NA,NA,NA,NA,NA,NA,NA,NA,2,NA,1,1,NA,NA,2,3,1,NA,1,NA,NA,NA,NA,NA,NA,NA,NA,NA,NA,NA,NA,NA,NA,NA,NA,1972/06/19 00:00:00,1972,Yes,Yes,Yes,D,None,Individual,Company,p2,None,Yes,NA
408 U.S. 665,1971,Burger,"BRANZBURG v. HAYES et al., JUDGES",95,5,4,NA,NA,2,NA,NA,NA,NA,NA,NA,NA,NA,NA,NA,2,NA,2,1,NA,NA,2,1,1,3,1,NA,NA,NA,NA,NA,NA,NA,NA,NA,NA,NA,NA,NA,NA,NA,NA,1972/06/29 00:00:00,1972,No,Yes,No,NA,NA,NA,NA,NA,NA,NA,NA
409 U.S. 151,1972,Burger,TIDEWATER OIL CO. v. UNITED STATES et al.,98,6,3,NA,NA,2,NA,NA,NA,NA,NA,NA,NA,NA,NA,NA,1,NA,2,3,NA,NA,1,1,1,1,2,NA,NA,NA,NA,NA,NA,NA,NA,NA,NA,NA,NA,NA,NA,NA,NA,1972/12/06 00:00:00,1972,No,Yes,No,NA,NA,NA,NA,NA,NA,NA,NA
409 U.S. 289,1972,Burger,RICCI v. CHICAGO MERCANTILE EXCHANGE et al.,95,5,4,NA,NA,2,NA,NA,NA,NA,NA,NA,NA,NA,NA,NA,1,NA,2,1,NA,NA,2,3,1,2,1,NA,NA,NA,NA,NA,NA,NA,NA,NA,NA,NA,NA,NA,NA,NA,NA,1973/01/09 00:00:00,1973,Yes,Yes,Yes,P,D,Individual,Company,p1,p2,No,NA
409 U.S. 363,1972,Burger,"HUGHES TOOL CO. et al. v. TRANS WORLD AIRLINES, INC.",81,6,2,NA,NA,1,NA,NA,NA,NA,NA,NA,NA,NA,NA,NA,1,NA,1,1,NA,NA,NA,2,2,1,1,NA,NA,NA,NA,NA,NA,NA,NA,NA,NA,NA,NA,NA,NA,NA,NA,1973/01/10 00:00:00,1973,Yes,Yes,Yes,D,P,Bigger company,Smaller company,p2,p1,No,company used to have a controlling interest in said airline
410 U.S. 52,1972,Burger,UNITED STATES v. GLAXO GROUP LTD. et al.,95,6,3,NA,NA,1,NA,NA,NA,NA,NA,NA,NA,NA,NA,NA,1,NA,2,1,NA,NA,1,1,2,1,2,NA,NA,NA,NA,NA,NA,NA,NA,NA,NA,NA,NA,NA,NA,NA,NA,1973/01/22 00:00:00,1973,No,Yes,No,NA,NA,NA,NA,NA,NA,NA,NA
410 U.S. 366,1972,Burger,OTTER TAIL POWER CO. v. UNITED STATES,81,4,3,NA,NA,1,NA,NA,NA,NA,NA,NA,NA,NA,NA,NA,1,NA,2,1,NA,NA,1,2,NA,NA,2,NA,NA,NA,NA,NA,NA,NA,NA,NA,NA,NA,NA,NA,NA,NA,NA,1973/02/22 00:00:00,1973,Yes,Yes,Yes,P,"NA",Company,Government,p2,p2,No,NA
410 U.S. 526,1972,Burger,UNITED STATES v. FALSTAFF BREWING CORP. et al.,95,5,2,NA,NA,3,NA,NA,NA,NA,NA,NA,NA,NA,NA,NA,NA,NA,2,1,NA,NA,4,1,1,NA,2,NA,NA,NA,NA,NA,NA,NA,NA,NA,NA,NA,NA,NA,NA,NA,NA,1973/02/28 00:00:00,1973,Yes,Yes,Yes,D,"NA",Federal government,Company,p1,p1,No,Incorrect BG coding?
413 U.S. 376,1972,Burger,PITTSBURGH PRESS CO. v. PITTSBURGH COMMISSION ON HUMAN RELATIONS et al.,101,5,4,NA,NA,2,NA,NA,NA,NA,NA,NA,NA,NA,NA,NA,1,NA,2,1,NA,NA,1,2,2,1,1,NA,NA,NA,NA,NA,NA,NA,NA,NA,NA,NA,NA,NA,NA,NA,NA,1973/06/21 00:00:00,1973,No,Yes,No,NA,NA,NA,NA,NA,NA,NA,NA
414 U.S. 113,1973,Burger,CHICAGO MERCANTILE EXCHANGE v. DEAKTOR et al.,NA,8,1,NA,NA,1,NA,NA,NA,NA,NA,NA,NA,NA,NA,NA,1,NA,2,1,NA,NA,1,1,1,1,1,NA,NA,NA,NA,NA,NA,NA,NA,NA,NA,NA,NA,NA,NA,NA,NA,1973/12/03 00:00:00,1973,No,Yes,No,NA,NA,NA,NA,NA,NA,NA,NA
414 U.S. 538,1973,Burger,AMERICAN PIPE & CONSTRUCTION CO. et al. v. UTAH et al.,94,9,0,NA,NA,1,NA,NA,NA,NA,NA,NA,NA,NA,NA,NA,1,NA,1,1,NA,NA,1,1,3,1,1,NA,NA,NA,NA,NA,NA,NA,NA,NA,NA,NA,NA,NA,NA,NA,NA,1974/01/16 00:00:00,1974,No,Yes,No,NA,NA,NA,NA,NA,NA,NA,NA
415 U.S. 486,1973,Burger,UNITED STATES v. GENERAL DYNAMICS CORP. et al.,94,5,4,NA,NA,2,NA,NA,NA,NA,NA,NA,NA,NA,NA,NA,2,NA,1,2,NA,NA,2,1,1,1,1,NA,NA,NA,NA,NA,NA,NA,NA,NA,NA,NA,NA,NA,NA,NA,NA,1974/03/19 00:00:00,1974,Yes,No,Yes,D,"NA",Federal government,Company,p2,p1,Yes,NA
417 U.S. 156,1973,Burger,EISEN v. CARLISLE & JACQUELIN et al.,101,6,3,NA,NA,2,NA,NA,NA,NA,NA,NA,NA,NA,NA,NA,2,NA,1,1,NA,NA,2,1,1,1,1,NA,NA,NA,NA,NA,NA,NA,NA,NA,NA,NA,NA,NA,NA,NA,NA,1974/05/28 00:00:00,1974,No,Yes,No,NA,NA,NA,NA,NA,NA,NA,NA
418 U.S. 241,1973,Burger,"MIAMI HERALD PUBLISHING CO., DIVISION OF KNIGHT NEWSPAPERS, INC. v. TORNILLO",99,9,0,NA,NA,1,NA,NA,NA,NA,NA,NA,NA,NA,NA,NA,3,NA,1,3,NA,NA,1,1,1,1,3,NA,NA,NA,NA,NA,NA,NA,NA,NA,NA,NA,NA,NA,NA,NA,NA,1974/06/25 00:00:00,1974,No,Yes,No,NA,NA,NA,NA,NA,NA,NA,NA
418 U.S. 602,1973,Burger,"UNITED STATES v. MARINE BANCORPORATION, INC., et al.",101,5,3,NA,NA,NA,NA,NA,NA,NA,NA,NA,NA,NA,NA,NA,2,NA,1,2,NA,NA,2,1,1,1,1,NA,NA,NA,NA,NA,NA,NA,NA,NA,NA,NA,NA,NA,NA,NA,NA,1974/06/26 00:00:00,1974,Yes,No,Yes,D,"NA",Federal government,Company,p1,p1,Yes,NA
419 U.S. 186,1974,Burger,"GULF OIL CORP. et al. v. COPP PAVING CO., INC., et al.",101,7,2,NA,NA,2,NA,NA,NA,NA,NA,NA,NA,NA,NA,NA,2,NA,1,1,NA,NA,3,1,1,1,1,NA,NA,NA,NA,NA,NA,NA,NA,NA,NA,NA,NA,NA,NA,NA,NA,1974/12/17 00:00:00,1974,Yes,Yes,Yes,D,P,Bigger company,Smaller company,p1,p2,No,NA
421 U.S. 454,1974,Burger,"JOHNSON v. RAILWAY EXPRESS AGENCY, INC., et al.",100,6,3,NA,NA,2,NA,NA,NA,NA,NA,NA,NA,NA,NA,NA,2,NA,1,1,NA,NA,2,1,1,1,1,NA,NA,NA,NA,NA,NA,NA,NA,NA,NA,NA,NA,NA,NA,NA,NA,1975/05/19 00:00:00,1975,No,Yes,No,NA,NA,NA,NA,NA,NA,NA,NA
421 U.S. 616,1974,Burger,"CONNELL CONSTRUCTION CO., INC. v. PLUMBERS & STEAMFITTERS LOCAL UNION NO. 100, UNITED ASSOCIATION OF JOURNEYMEN & APPRENTICES OF THE PLUMBING & PIPEFITTING INDUSTRY OF THE UNITED STATES AND CANADA, AFL-CIO",101,5,4,NA,NA,2,NA,NA,NA,NA,NA,NA,NA,NA,NA,NA,2,NA,2,1,NA,NA,2,1,1,1,1,NA,NA,NA,NA,NA,NA,NA,NA,NA,NA,NA,NA,NA,NA,NA,NA,1975/06/02 00:00:00,1975,Yes,Yes,Yes,P,D,Company,Union,p1,p2,No,NA
421 U.S. 773,1974,Burger,GOLDFARB et ux. v. VIRGINIA STATE BAR et al.,99,8,0,NA,NA,1,NA,NA,NA,NA,NA,NA,NA,NA,NA,NA,1,NA,1,1,NA,NA,1,1,1,NA,1,NA,NA,NA,NA,NA,NA,NA,NA,NA,NA,NA,NA,NA,NA,NA,NA,1975/06/16 00:00:00,1975,Yes,Yes,Yes,P,P,Individual,State-sanctioned professional association,p1,p1,No,NA
422 U.S. 86,1974,Burger,UNITED STATES v. CITIZENS & SOUTHERN NATIONAL BANK et al.,94,6,3,NA,NA,2,NA,NA,NA,NA,NA,NA,NA,NA,NA,NA,2,NA,1,2,NA,NA,1,1,1,1,1,NA,NA,NA,NA,NA,NA,NA,NA,NA,NA,NA,NA,NA,NA,NA,NA,1975/06/17 00:00:00,1975,Yes,Yes,Yes,D,"NA",Federal government,Company,p2,p1,Yes,NA
422 U.S. 271,1974,Burger,UNITED STATES v. AMERICAN BUILDING MAINTENANCE INDUSTRIES,94,6,3,NA,NA,2,NA,NA,NA,NA,NA,NA,NA,NA,NA,NA,2,NA,1,4,NA,NA,1,1,2,1,1,NA,NA,NA,NA,NA,NA,NA,NA,NA,NA,NA,NA,NA,NA,NA,NA,1975/06/24 00:00:00,1975,Yes,Yes,Yes,D,"NA",Federal government,Company,p2,p1,No,NA
422 U.S. 659,1974,Burger,"GORDON v. NEW YORK STOCK EXCHANGE, INC., et al.",100,9,0,NA,NA,3,NA,NA,NA,NA,NA,NA,NA,NA,NA,NA,3,NA,3,1,NA,NA,1,1,1,1,1,NA,NA,NA,NA,NA,NA,NA,NA,NA,NA,NA,NA,NA,NA,NA,NA,1975/06/26 00:00:00,1975,Yes,Yes,Yes,D,P,Individuals,Company,p2,p1,No,NA
422 U.S. 694,1974,Burger,"UNITED STATES v. NATIONAL ASSOCIATION OF SECURITIES DEALERS, INC., et al.",101,5,4,NA,NA,2,NA,NA,NA,NA,NA,NA,NA,NA,NA,NA,2,NA,1,2,NA,NA,2,1,1,1,1,NA,NA,NA,NA,NA,NA,NA,NA,NA,NA,NA,NA,NA,NA,NA,NA,1975/06/26 00:00:00,1975,Yes,Yes,Yes,D,"NA",Federal government,Company,p2,p1,No,NA
425 U.S. 564,1975,Burger,UNITED STATES v. MANDUJANO,99,8,0,NA,NA,NA,NA,NA,NA,NA,NA,NA,NA,NA,NA,NA,4,NA,4,1,NA,NA,4,5,4,1,1,NA,NA,NA,NA,NA,NA,NA,NA,NA,NA,NA,NA,NA,NA,NA,NA,1976/05/19 00:00:00,1976,No,Yes,No,NA,NA,NA,NA,NA,NA,NA,NA
425 U.S. 738,1975,Burger,HOSPITAL BUILDING CO. v. TRUSTEES OF REX HOSPITAL et al.,98,9,0,NA,NA,NA,NA,NA,NA,NA,NA,NA,NA,NA,NA,NA,1,NA,1,1,NA,NA,1,1,1,1,1,1,NA,NA,NA,NA,NA,NA,NA,NA,NA,NA,NA,NA,NA,NA,NA,1976/05/24 00:00:00,1976,No,Yes,No,NA,NA,NA,NA,NA,NA,NA,NA
426 U.S. 148,1975,Burger,RADZANOWER v. TOUCHE ROSS & CO. et al.,94,8,1,NA,NA,NA,NA,NA,NA,NA,NA,NA,NA,NA,NA,NA,1,NA,1,1,NA,NA,1,1,1,1,1,2,NA,NA,NA,NA,NA,NA,NA,NA,NA,NA,NA,NA,NA,NA,NA,1976/06/07 00:00:00,1976,No,Yes,No,NA,NA,NA,NA,NA,NA,NA,NA
428 U.S. 579,1975,Burger,"CANTOR, DBA SELDEN DRUGS CO. v. DETROIT EDISON CO.",103,6,3,NA,NA,NA,NA,NA,NA,NA,NA,NA,NA,NA,NA,NA,1,NA,2,1,NA,NA,1,3,4,2,2,1,NA,NA,NA,NA,NA,NA,NA,NA,NA,NA,NA,NA,NA,NA,NA,1976/07/06 00:00:00,1976,Yes,Yes,Yes,P,P,Individuals,Company,p1,p1,Yes,NA
429 U.S. 17,1976,Burger,STANDARD OIL CO. OF CALIFORNIA v. UNITED STATES,NA,8,0,NA,NA,NA,NA,NA,NA,NA,NA,NA,NA,NA,NA,NA,1,NA,1,NA,NA,NA,1,1,1,1,1,1,NA,NA,NA,NA,NA,NA,NA,NA,NA,NA,NA,NA,NA,NA,NA,1976/10/18 00:00:00,1976,No,Yes,No,NA,NA,NA,NA,NA,NA,NA,NA
429 U.S. 477,1976,Burger,"BRUNSWICK CORP. v. PUEBLO BOWL-O-MAT, INC., et al.",98,9,0,NA,NA,NA,NA,NA,NA,NA,NA,NA,NA,NA,NA,NA,1,NA,1,1,NA,NA,1,1,1,1,1,1,NA,NA,NA,NA,NA,NA,NA,NA,NA,NA,NA,NA,NA,NA,NA,1977/01/25 00:00:00,1977,Yes,Yes,Yes,D,None,Bigger company,Smaller company,p1,None,Yes,p1 had 222 centers vs p2 with 3
429 U.S. 610,1976,Burger,"UNITED STATES STEEL CORP. et al. v. FORTNER ENTERPRISES, INC.",103,9,0,NA,NA,NA,NA,NA,NA,NA,NA,NA,NA,NA,NA,NA,1,NA,1,1,NA,NA,1,3,1,1,3,1,NA,NA,NA,NA,NA,NA,NA,NA,NA,NA,NA,NA,NA,NA,NA,1977/02/22 00:00:00,1977,Yes,Yes,Yes,D,None,Bigger company,Smaller company,p1,None,Yes,NA
431 U.S. 720,1976,Burger,ILLINOIS BRICK CO. et al. v. ILLINOIS et al.,95,6,3,NA,NA,NA,NA,NA,NA,NA,NA,NA,NA,NA,NA,NA,2,NA,1,1,NA,NA,2,1,2,1,1,1,NA,NA,NA,NA,NA,NA,NA,NA,NA,NA,NA,NA,NA,NA,NA,1977/06/09 00:00:00,1977,Yes,Yes,Yes,D,P,Company,State government,p1,p2,Yes,NA
432 U.S. 355,1976,Burger,OCCIDENTAL LIFE INSURANCE COMPANY OF CALIFORNIA v. EQUAL EMPLOYMENT OPPORTUNITY COMMISSION,94,7,2,NA,NA,NA,NA,NA,NA,NA,NA,NA,NA,NA,NA,NA,1,NA,1,1,NA,NA,1,2,1,1,2,1,NA,NA,NA,NA,NA,NA,NA,NA,NA,NA,NA,NA,NA,NA,NA,1977/06/20 00:00:00,1977,No,Yes,No,NA,NA,NA,NA,NA,NA,NA,NA
433 U.S. 36,1976,Burger,"CONTINENTAL T.V., INC., et al. v. GTE SYLVANIA INC.",101,6,2,NA,NA,NA,NA,NA,NA,NA,NA,NA,NA,NA,NA,NA,2,NA,1,4,NA,NA,2,1,1,1,NA,1,NA,NA,NA,NA,NA,NA,NA,NA,NA,NA,NA,NA,NA,NA,NA,1977/06/23 00:00:00,1977,Yes,Yes,Yes,D,None,Smaller company,Bigger company,p2,None,Yes,NA
433 U.S. 350,1976,Burger,BATES et al. v. STATE BAR OF ARIZONA,100,5,4,NA,NA,NA,NA,NA,NA,NA,NA,NA,NA,NA,NA,NA,1,NA,2,1,NA,NA,1,2,1,2,2,1,NA,NA,NA,NA,NA,NA,NA,NA,NA,NA,NA,NA,NA,NA,NA,1977/06/27 00:00:00,1977,Yes,Yes,Yes,P,D,Individual,State-sanctioned professional association,p2,p2,Yes,only on the antitrust claim
433 U.S. 623,1976,Burger,VENDO CO. v. LEKTRO-VEND CORP. et al.,102,5,4,NA,NA,NA,NA,NA,NA,NA,NA,NA,NA,NA,NA,NA,2,NA,1,2,NA,NA,2,4,4,1,5,2,NA,NA,NA,NA,NA,NA,NA,NA,NA,NA,NA,NA,NA,NA,NA,1977/06/29 00:00:00,1977,No,Yes,No,NA,NA,NA,NA,NA,NA,NA,NA
434 U.S. 308,1977,Burger,PFIZER INC. et al. v. GOVERNMENT OF INDIA et al.,94,5,3,NA,NA,NA,NA,NA,NA,NA,NA,NA,NA,NA,NA,NA,1,NA,1,1,NA,NA,1,2,NA,2,2,1,NA,NA,NA,NA,NA,NA,NA,NA,NA,NA,NA,NA,NA,NA,NA,1978/01/11 00:00:00,1978,Yes,Yes,Yes,P,P,Company,Government,p1,p1,No,foreign governments
435 U.S. 40,1977,Burger,FEDERAL MARITIME COMMISSION et al. v. PACIFIC MARITIME ASSN. et al.,95,5,3,NA,NA,NA,NA,NA,NA,NA,NA,NA,NA,NA,NA,NA,2,NA,1,1,NA,NA,2,1,NA,2,1,1,NA,NA,NA,NA,NA,NA,NA,NA,NA,NA,NA,NA,NA,NA,NA,1978/03/01 00:00:00,1978,No,Yes,No,NA,NA,NA,NA,NA,NA,NA,NA
435 U.S. 389,1977,Burger,"CITY OF LAFAYETTE, LOUISIANA, et al. v. LOUISIANA POWER & LIGHT CO.",92,5,4,NA,NA,NA,NA,NA,NA,NA,NA,NA,NA,NA,NA,NA,1,NA,2,2,NA,NA,3,3,2,1,2,1,NA,NA,NA,NA,NA,NA,NA,NA,NA,NA,NA,NA,NA,NA,NA,1978/03/29 00:00:00,1978,Yes,Yes,Yes,P,P,City government,Company,p1,p1,Yes,NA
435 U.S. 679,1977,Burger,NATIONAL SOCIETY OF PROFESSIONAL ENGINEERS v. UNITED STATES,103,8,0,NA,NA,NA,NA,NA,NA,NA,NA,NA,NA,NA,NA,NA,NA,NA,1,1,NA,NA,1,4,3,1,3,1,NA,NA,NA,NA,NA,NA,NA,NA,NA,NA,NA,NA,NA,NA,NA,1978/04/25 00:00:00,1978,Yes,Yes,Yes,P,"NA",Professional association,Government,p2,p2,Yes,NA
436 U.S. 631,1977,Burger,MOBIL ALASKA PIPELINE CO. v. UNITED STATES et al.,92,8,0,NA,NA,NA,NA,NA,NA,NA,NA,NA,NA,NA,NA,NA,1,NA,1,1,NA,NA,1,1,1,NA,1,1,NA,NA,NA,NA,NA,NA,NA,NA,NA,NA,NA,NA,NA,NA,NA,1978/06/06 00:00:00,1978,No,Yes,No,NA,NA,NA,NA,NA,NA,NA,NA
436 U.S. 775,1977,Burger,FEDERAL COMMUNICATIONS COMMISSION v. NATIONAL CITIZENS COMMITTEE FOR BROADCASTING et al.,98,8,0,NA,NA,NA,NA,NA,NA,NA,NA,NA,NA,NA,NA,NA,NA,NA,1,1,NA,NA,1,1,1,1,1,1,NA,NA,NA,NA,NA,NA,NA,NA,NA,NA,NA,NA,NA,NA,NA,1978/06/12 00:00:00,1978,No,Yes,No,NA,NA,NA,NA,NA,NA,NA,NA
436 U.S. 816,1977,Burger,NATIONAL BROILER MARKETING ASSN. v. UNITED STATES,100,7,2,NA,NA,NA,NA,NA,NA,NA,NA,NA,NA,NA,NA,NA,3,NA,2,2,NA,NA,1,1,1,1,1,1,NA,NA,NA,NA,NA,NA,NA,NA,NA,NA,NA,NA,NA,NA,NA,1978/06/12 00:00:00,1978,No,Yes,No,NA,NA,NA,NA,NA,NA,NA,NA
437 U.S. 117,1977,Burger,EXXON CORP. et al. v. GOVERNOR OF MARYLAND et al.,103,7,1,NA,NA,NA,NA,NA,NA,NA,NA,NA,NA,NA,NA,NA,1,NA,1,1,NA,NA,1,1,2,NA,1,1,NA,NA,NA,NA,NA,NA,NA,NA,NA,NA,NA,NA,NA,NA,NA,1978/06/14 00:00:00,1978,Yes,Yes,Yes,D,None,Company,State government,p2,None,No,NA
437 U.S. 298,1977,Burger,UNITED STATES et al. v. LASALLE NATIONAL BANK et al.,100,5,4,NA,NA,NA,NA,NA,NA,NA,NA,NA,NA,NA,NA,NA,1,NA,2,1,NA,NA,1,2,1,1,2,2,NA,NA,NA,NA,NA,NA,NA,NA,NA,NA,NA,NA,NA,NA,NA,1978/06/19 00:00:00,1978,No,Yes,No,NA,NA,NA,NA,NA,NA,NA,NA
437 U.S. 322,1977,Burger,"GREYHOUND CORP. et al. v. MT. HOOD STAGES, INC., DBA PACIFIC TRAILWAYS",100,9,0,NA,NA,NA,NA,NA,NA,NA,NA,NA,NA,NA,NA,NA,1,NA,1,1,NA,NA,1,3,1,1,1,1,NA,NA,NA,NA,NA,NA,NA,NA,NA,NA,NA,NA,NA,NA,NA,1978/06/19 00:00:00,1978,No,Yes,No,NA,NA,NA,NA,NA,NA,NA,NA
438 U.S. 422,1977,Burger,UNITED STATES v. UNITED STATES GYPSUM CO. et al.,99,7,1,NA,NA,NA,NA,NA,NA,NA,NA,NA,NA,NA,NA,NA,1,NA,1,1,NA,NA,1,1,NA,4,2,4,NA,NA,NA,NA,NA,NA,NA,NA,NA,NA,NA,NA,NA,NA,NA,1978/06/29 00:00:00,1978,Yes,Yes,Yes,D,"NA",Federal government,Company,p2,p1,Yes,NA
438 U.S. 531,1977,Burger,ST. PAUL FIRE & MARINE INSURANCE CO. et al. v. BARRY et al.,101,7,2,NA,NA,NA,NA,NA,NA,NA,NA,NA,NA,NA,NA,NA,1,NA,2,1,NA,NA,1,1,1,1,2,1,NA,NA,NA,NA,NA,NA,NA,NA,NA,NA,NA,NA,NA,NA,NA,1978/06/29 00:00:00,1978,Yes,Yes,Yes,P,P,Company,Individual,p2,p2,Yes,NA
439 U.S. 96,1978,Burger,NEW MOTOR VEHICLE BOARD OF CALIFORNIA et al. v. ORRIN W. FOX CO. et al.,92,8,1,NA,NA,NA,NA,NA,NA,NA,NA,NA,NA,NA,NA,NA,1,NA,1,1,NA,NA,3,1,4,4,1,2,NA,NA,NA,NA,NA,NA,NA,NA,NA,NA,NA,NA,NA,NA,NA,1978/12/05 00:00:00,1978,No,Yes,No,NA,NA,NA,NA,NA,NA,NA,NA
439 U.S. 438,1978,Burger,LEIS et al. v. FLYNT et al.,NA,5,4,NA,NA,NA,NA,NA,NA,NA,NA,NA,NA,NA,NA,NA,2,NA,1,7,NA,NA,2,1,1,1,1,2,NA,NA,NA,NA,NA,NA,NA,NA,NA,NA,NA,NA,NA,NA,NA,1979/01/15 00:00:00,1979,No,Yes,No,NA,NA,NA,NA,NA,NA,NA,NA
440 U.S. 1,1978,Burger,FRIEDMAN et al. v. ROGERS et al.,101,7,2,NA,NA,NA,NA,NA,NA,NA,NA,NA,NA,NA,NA,NA,1,NA,1,1,NA,NA,2,1,2,1,1,1,NA,NA,NA,NA,NA,NA,NA,NA,NA,NA,NA,NA,NA,NA,NA,1979/02/21 00:00:00,1979,No,Yes,No,NA,NA,NA,NA,NA,NA,NA,NA
440 U.S. 69,1978,Burger,"GREAT ATLANTIC & PACIFIC TEA CO., INC. v. FEDERAL TRADE COMMISSION",94,7,1,NA,NA,NA,NA,NA,NA,NA,NA,NA,NA,NA,NA,NA,1,NA,1,4,NA,NA,2,1,1,1,1,NA,NA,NA,NA,NA,NA,NA,NA,NA,NA,NA,NA,NA,NA,NA,NA,1979/02/22 00:00:00,1979,Yes,Yes,Yes,D,"NA",Company,Government,p2,p2,No,NA
440 U.S. 205,1978,Burger,"GROUP LIFE & HEALTH INSURANCE CO., AKA BLUE SHIELD OF TEXAS, et al. v. ROYAL DRUG CO., INC., DBA ROYAL PHARMACY OF CASTLE HILLS, et al.",94,5,4,NA,NA,NA,NA,NA,NA,NA,NA,NA,NA,NA,NA,NA,2,NA,1,1,NA,NA,2,2,1,2,1,1,NA,NA,NA,NA,NA,NA,NA,NA,NA,NA,NA,NA,NA,NA,NA,1979/02/27 00:00:00,1979,Yes,Yes,Yes,P,P,Bigger company,Smaller company,p2,p2,No,NA
441 U.S. 1,1978,Burger,"BROADCAST MUSIC, INC., et al. v. COLUMBIA BROADCASTING SYSTEM, INC., et al.",95,8,1,NA,NA,NA,NA,NA,NA,NA,NA,NA,NA,NA,NA,NA,1,NA,1,1,NA,NA,1,1,1,1,1,2,NA,NA,NA,NA,NA,NA,NA,NA,NA,NA,NA,NA,NA,NA,NA,1979/04/17 00:00:00,1979,Yes,Yes,Yes,D,D,Company,Company,p1,p1,No,NA
441 U.S. 211,1978,Burger,DOUGLAS OIL COMPANY OF CALIFORNIA et al. v. PETROL STOPS NORTHWEST et al.,101,6,3,NA,NA,NA,NA,NA,NA,NA,NA,NA,NA,NA,NA,NA,1,NA,2,1,NA,NA,1,2,1,1,3,2,NA,NA,NA,NA,NA,NA,NA,NA,NA,NA,NA,NA,NA,NA,NA,1979/04/18 00:00:00,1979,No,Yes,No,NA,NA,NA,NA,NA,NA,NA,NA
442 U.S. 330,1978,Burger,REITER v. SONOTONE CORP. et al.,99,8,0,NA,NA,NA,NA,NA,NA,NA,NA,NA,NA,NA,NA,NA,NA,NA,1,1,NA,NA,1,1,1,1,3,1,NA,NA,NA,NA,NA,NA,NA,NA,NA,NA,NA,NA,NA,NA,NA,1979/06/11 00:00:00,1979,Yes,Yes,Yes,P,P,Individual,Company,p1,p1,Yes,NA
442 U.S. 510,1978,Burger,SANDSTROM v. MONTANA,92,9,0,NA,NA,NA,NA,NA,NA,NA,NA,NA,NA,NA,NA,NA,1,NA,1,1,NA,NA,1,3,1,1,3,1,NA,NA,NA,NA,NA,NA,NA,NA,NA,NA,NA,NA,NA,NA,NA,1979/06/18 00:00:00,1979,No,Yes,No,NA,NA,NA,NA,NA,NA,NA,NA
444 U.S. 232,1979,Burger,"MCLAIN et al. v. REAL ESTATE BOARD OF NEW ORLEANS, INC., et al.",99,8,0,NA,NA,NA,NA,NA,NA,NA,NA,NA,NA,NA,NA,NA,1,NA,1,1,NA,NA,NA,1,1,1,1,1,NA,NA,NA,NA,NA,NA,NA,NA,NA,NA,NA,NA,NA,NA,NA,1980/01/08 00:00:00,1980,Yes,Yes,Yes,P,P,Individuals,Professional associations,p1,p1,No,NA
444 U.S. 394,1979,Burger,UNITED STATES v. BAILEY et al.,102,6,2,NA,NA,NA,NA,NA,NA,NA,NA,NA,NA,NA,NA,NA,2,NA,1,1,NA,NA,NA,1,2,1,1,3,NA,NA,NA,NA,NA,NA,NA,NA,NA,NA,NA,NA,NA,NA,NA,1980/01/21 00:00:00,1980,No,Yes,No,NA,NA,NA,NA,NA,NA,NA,NA
445 U.S. 97,1979,Burger,"CALIFORNIA RETAIL LIQUOR DEALERS ASSN. v. MIDCAL ALUMINUM, INC., et al.",101,8,0,NA,NA,NA,NA,NA,NA,NA,NA,NA,NA,NA,NA,NA,NA,NA,1,1,NA,NA,1,1,1,1,1,1,NA,NA,NA,NA,NA,NA,NA,NA,NA,NA,NA,NA,NA,NA,NA,1980/03/03 00:00:00,1980,Yes,Yes,Yes,P,P,State-sanctioned professional organization,Company,p2,p2,No,NA
445 U.S. 684,1979,Burger,WHALEN v. UNITED STATES,94,7,2,NA,NA,NA,NA,NA,NA,NA,NA,NA,NA,NA,NA,NA,1,NA,1,4,NA,NA,1,2,4,1,2,1,NA,NA,NA,NA,NA,NA,NA,NA,NA,NA,NA,NA,NA,NA,NA,1980/04/16 00:00:00,1980,No,Yes,No,NA,NA,NA,NA,NA,NA,NA,NA
446 U.S. 643,1979,Burger,"CATALANO, INC., et al. v. TARGET SALES, INC., et al.",NA,9,0,NA,NA,NA,NA,NA,NA,NA,NA,NA,NA,NA,NA,NA,1,NA,1,1,NA,NA,1,1,1,1,1,1,NA,NA,NA,NA,NA,NA,NA,NA,NA,NA,NA,NA,NA,NA,NA,1980/05/27 00:00:00,1980,Yes,Yes,Yes,P,None,Company,Company,p1,None,Yes,NA
447 U.S. 557,1979,Burger,CENTRAL HUDSON GAS & ELECTRIC CORP. v. PUBLIC SERVICE COMMISSION OF NEW YORK,101,8,1,NA,NA,NA,NA,NA,NA,NA,NA,NA,NA,NA,NA,NA,4,NA,1,1,NA,NA,1,1,4,1,2,4,NA,NA,NA,NA,NA,NA,NA,NA,NA,NA,NA,NA,NA,NA,NA,1980/06/20 00:00:00,1980,No,Yes,No,NA,NA,NA,NA,NA,NA,NA,NA
448 U.S. 555,1979,Burger,"RICHMOND NEWSPAPERS, INC., et al. v. VIRGINIA et al.",99,7,1,NA,NA,NA,NA,NA,NA,NA,NA,NA,NA,NA,NA,NA,4,NA,4,3,NA,NA,4,5,4,NA,2,3,NA,NA,NA,NA,NA,NA,NA,NA,NA,NA,NA,NA,NA,NA,NA,1980/07/02 00:00:00,1980,No,Yes,No,NA,NA,NA,NA,NA,NA,NA,NA
449 U.S. 33,1980,Burger,"ALLIED CHEMICAL CORP. et al. v. DAIFLON, INC.",NA,5,2,NA,NA,NA,NA,NA,NA,NA,NA,NA,NA,NA,NA,NA,1,NA,NA,7,NA,NA,1,1,7,1,1,NA,NA,NA,NA,NA,NA,NA,NA,NA,NA,NA,NA,NA,NA,NA,NA,1980/11/17 00:00:00,1980,No,Yes,No,NA,NA,NA,NA,NA,NA,NA,NA
449 U.S. 383,1980,Burger,UPJOHN CO. et al. v. UNITED STATES et al.,102,9,0,NA,NA,NA,NA,NA,NA,NA,NA,NA,NA,NA,NA,NA,1,NA,1,1,NA,NA,1,3,1,1,1,1,NA,NA,NA,NA,NA,NA,NA,NA,NA,NA,NA,NA,NA,NA,NA,1981/01/13 00:00:00,1981,No,Yes,No,NA,NA,NA,NA,NA,NA,NA,NA
450 U.S. 333,1980,Burger,ALBERNAZ et al. v. UNITED STATES,102,9,0,NA,NA,NA,NA,NA,NA,NA,NA,NA,NA,NA,NA,NA,1,NA,4,1,NA,NA,4,1,1,1,1,4,NA,NA,NA,NA,NA,NA,NA,NA,NA,NA,NA,NA,NA,NA,NA,1981/03/09 00:00:00,1981,No,Yes,No,NA,NA,NA,NA,NA,NA,NA,NA
451 U.S. 259,1980,Burger,"WATT, SECRETARY OF THE INTERIOR, et al. v. ALASKA",101,6,3,NA,NA,NA,NA,NA,NA,NA,NA,NA,NA,NA,NA,NA,1,NA,2,1,NA,NA,2,2,1,1,1,3,NA,NA,NA,NA,NA,NA,NA,NA,NA,NA,NA,NA,NA,NA,NA,1981/04/21 00:00:00,1981,No,Yes,No,NA,NA,NA,NA,NA,NA,NA,NA
451 U.S. 355,1980,Burger,BALL et al. v. JAMES et al.,94,5,4,NA,NA,NA,NA,NA,NA,NA,NA,NA,NA,NA,NA,NA,2,NA,1,2,NA,NA,2,1,2,3,1,1,NA,NA,NA,NA,NA,NA,NA,NA,NA,NA,NA,NA,NA,NA,NA,1981/04/29 00:00:00,1981,No,Yes,No,NA,NA,NA,NA,NA,NA,NA,NA
451 U.S. 557,1980,Burger,"J. TRUETT PAYNE CO., INC. v. CHRYSLER MOTORS CORP.",102,9,0,NA,NA,NA,NA,NA,NA,NA,NA,NA,NA,NA,NA,NA,4,NA,1,1,NA,NA,4,1,4,4,1,1,NA,NA,NA,NA,NA,NA,NA,NA,NA,NA,NA,NA,NA,NA,NA,1981/05/18 00:00:00,1981,Yes,Yes,Yes,P,None,Smaller company,Bigger company,p1,None,No,BG coding check? P is technically a winner (CoA reversed)
451 U.S. 630,1980,Burger,"TEXAS INDUSTRIES, INC. v. RADCLIFF MATERIALS, INC., et al.",99,9,0,NA,NA,NA,NA,NA,NA,NA,NA,NA,NA,NA,NA,NA,1,NA,1,1,NA,NA,1,1,1,1,1,1,NA,NA,NA,NA,NA,NA,NA,NA,NA,NA,NA,NA,NA,NA,NA,1981/05/26 00:00:00,1981,No,Yes,No,NA,NA,NA,NA,NA,NA,NA,NA
451 U.S. 704,1980,Burger,"H. A. ARTISTS & ASSOCIATES, INC., et al. v. ACTORS' EQUITY ASSN. et al.",94,6,3,NA,NA,NA,NA,NA,NA,NA,NA,NA,NA,NA,NA,NA,2,NA,1,1,NA,NA,2,2,1,1,1,1,NA,NA,NA,NA,NA,NA,NA,NA,NA,NA,NA,NA,NA,NA,NA,1981/05/26 00:00:00,1981,Yes,Yes,Yes,P,None,Individuals,Union,p1,None,Yes,affirmed in part and reversed in part
452 U.S. 378,1980,Burger,NATIONAL GERIMEDICAL HOSPITAL AND GERONTOLOGY CENTER v. BLUE CROSS OF KANSAS CITY et al.,101,9,0,NA,NA,NA,NA,NA,NA,NA,NA,NA,NA,NA,NA,NA,1,NA,1,1,NA,NA,1,1,1,1,1,1,NA,NA,NA,NA,NA,NA,NA,NA,NA,NA,NA,NA,NA,NA,NA,1981/06/15 00:00:00,1981,Yes,Yes,Yes,P,P,Smaller company,Bigger company,p1,p1,No,NA
452 U.S. 394,1980,Burger,"FEDERATED DEPARTMENT STORES, INC., et al. v. MOITIE et al.",102,8,1,NA,NA,NA,NA,NA,NA,NA,NA,NA,NA,NA,NA,NA,2,NA,1,1,NA,NA,4,1,4,1,1,1,NA,NA,NA,NA,NA,NA,NA,NA,NA,NA,NA,NA,NA,NA,NA,1981/06/15 00:00:00,1981,No,Yes,No,NA,NA,NA,NA,NA,NA,NA,NA
452 U.S. 714,1980,Burger,"NEW YORK STATE LIQUOR AUTHORITY v. BELLANCA, DBA THE MAIN EVENT, et al.",NA,7,2,NA,NA,NA,NA,NA,NA,NA,NA,NA,NA,NA,NA,NA,7,NA,1,1,NA,NA,4,1,1,1,1,2,NA,NA,NA,NA,NA,NA,NA,NA,NA,NA,NA,NA,NA,NA,NA,1981/06/22 00:00:00,1981,No,Yes,No,NA,NA,NA,NA,NA,NA,NA,NA
453 U.S. 609,1980,Burger,COMMONWEALTH EDISON CO. et al. v. MONTANA et al.,98,6,3,NA,NA,NA,NA,NA,NA,NA,NA,NA,NA,NA,NA,NA,1,NA,1,3,NA,NA,1,1,2,2,1,2,NA,NA,NA,NA,NA,NA,NA,NA,NA,NA,NA,NA,NA,NA,NA,1981/07/02 00:00:00,1981,No,Yes,No,NA,NA,NA,NA,NA,NA,NA,NA
455 U.S. 40,1981,Burger,"COMMUNITY COMMUNICATIONS CO., INC. v. CITY OF BOULDER, COLORADO, et al.",92,5,3,NA,NA,NA,NA,NA,NA,NA,NA,NA,NA,NA,NA,NA,1,NA,NA,NA,NA,NA,1,2,1,1,2,3,2,NA,NA,NA,NA,NA,NA,NA,NA,NA,NA,NA,NA,NA,NA,1982/01/13 00:00:00,1982,Yes,Yes,Yes,P,None,Company,City government,p1,None,No,NA
455 U.S. 72,1981,Burger,KAISER STEEL CORP. v. MULLINS et al.,95,6,3,NA,NA,NA,NA,NA,NA,NA,NA,NA,NA,NA,NA,NA,2,NA,NA,1,NA,NA,2,1,2,1,1,1,1,NA,NA,NA,NA,NA,NA,NA,NA,NA,NA,NA,NA,NA,NA,1982/01/13 00:00:00,1982,No,Yes,No,NA,NA,NA,NA,NA,NA,NA,NA
456 U.S. 212,1981,Burger,"INTERNATIONAL LONGSHOREMEN'S ASSOCIATION, AFL-CIO, et al. v. ALLIED INTERNATIONAL, INC.",101,9,0,NA,NA,NA,NA,NA,NA,NA,NA,NA,NA,NA,NA,NA,1,NA,NA,1,NA,NA,1,1,1,1,1,1,1,NA,NA,NA,NA,NA,NA,NA,NA,NA,NA,NA,NA,NA,NA,1982/04/20 00:00:00,1982,No,Yes,No,NA,NA,NA,NA,NA,NA,NA,NA
456 U.S. 353,1981,Burger,"MERRILL LYNCH, PIERCE, FENNER & SMITH, INC. v. CURRAN et al.",103,5,4,NA,NA,NA,NA,NA,NA,NA,NA,NA,NA,NA,NA,NA,1,NA,NA,1,NA,NA,1,2,1,2,2,1,2,NA,NA,NA,NA,NA,NA,NA,NA,NA,NA,NA,NA,NA,NA,1982/05/03 00:00:00,1982,No,Yes,No,NA,NA,NA,NA,NA,NA,NA,NA
456 U.S. 556,1981,Burger,"AMERICAN SOCIETY OF MECHANICAL ENGINEERS, INC. v. HYDROLEVEL CORP.",100,6,3,NA,NA,NA,NA,NA,NA,NA,NA,NA,NA,NA,NA,NA,1,NA,NA,2,NA,NA,1,4,1,2,2,1,1,NA,NA,NA,NA,NA,NA,NA,NA,NA,NA,NA,NA,NA,NA,1982/05/17 00:00:00,1982,Yes,Yes,Yes,P,P,Professional association,Company,p2,p2,No,P is not the winner because the judgement is completely against them; however is probably coded as the winner because the district court ruled totally against them then CoA reversed in part and the SC affirmed the CoA decision
456 U.S. 717,1981,Burger,"SUMMIT VALLEY INDUSTRIES, INC. v. LOCAL 112, UNITED BROTHERHOOD OF CARPENTERS & JOINERS OF AMERICA",98,9,0,NA,NA,NA,NA,NA,NA,NA,NA,NA,NA,NA,NA,NA,1,NA,NA,1,NA,NA,1,1,1,1,1,1,1,NA,NA,NA,NA,NA,NA,NA,NA,NA,NA,NA,NA,NA,NA,1982/06/01 00:00:00,1982,No,Yes,No,NA,NA,NA,NA,NA,NA,NA,NA
457 U.S. 332,1981,Burger,ARIZONA v. MARICOPA COUNTY MEDICAL SOCIETY et al.,103,4,3,NA,NA,NA,NA,NA,NA,NA,NA,NA,NA,NA,NA,NA,1,NA,NA,1,NA,NA,1,2,NA,2,2,1,NA,NA,NA,NA,NA,NA,NA,NA,NA,NA,NA,NA,NA,NA,NA,1982/06/18 00:00:00,1982,Yes,Yes,Yes,P,P,State government,Professional associations,p1,p1,Yes,NA
457 U.S. 465,1981,Burger,BLUE SHIELD OF VIRGINIA et al. v. MCCREADY,92,5,4,NA,NA,NA,NA,NA,NA,NA,NA,NA,NA,NA,NA,NA,1,NA,NA,1,NA,NA,1,2,1,1,2,2,2,NA,NA,NA,NA,NA,NA,NA,NA,NA,NA,NA,NA,NA,NA,1982/06/21 00:00:00,1982,Yes,Yes,Yes,P,None,Individual,Company,p2,None,No,P2 is the winner (original plaintiff)
457 U.S. 702,1981,Burger,"JACKSONVILLE BULK TERMINALS, INC., et al. v. INTERNATIONAL LONGSHOREMEN'S ASSOCIATION et al.",98,6,3,NA,NA,NA,NA,NA,NA,NA,NA,NA,NA,NA,NA,NA,1,NA,NA,1,NA,NA,1,2,1,2,1,2,4,NA,NA,NA,NA,NA,NA,NA,NA,NA,NA,NA,NA,NA,NA,1982/06/24 00:00:00,1982,No,Yes,No,NA,NA,NA,NA,NA,NA,NA,NA
458 U.S. 119,1981,Burger,UNION LABOR LIFE INSURANCE CO. v. PIRENO,92,6,3,NA,NA,NA,NA,NA,NA,NA,NA,NA,NA,NA,NA,NA,1,NA,NA,1,NA,NA,1,2,1,1,2,1,2,NA,NA,NA,NA,NA,NA,NA,NA,NA,NA,NA,NA,NA,NA,1982/06/28 00:00:00,1982,No,Yes,No,NA,NA,NA,NA,NA,NA,NA,NA
458 U.S. 654,1981,Burger,"RICE, DIRECTOR, DEPARTMENT OF ALCOHOLIC BEVERAGE CONTROL OF CALIFORNIA v. NORMAN WILLIAMS CO. et al.",102,9,0,NA,NA,NA,NA,NA,NA,NA,NA,NA,NA,NA,NA,NA,1,NA,NA,4,NA,NA,1,1,1,1,1,4,1,NA,NA,NA,NA,NA,NA,NA,NA,NA,NA,NA,NA,NA,NA,1982/07/01 00:00:00,1982,No,Yes,No,NA,NA,NA,NA,NA,NA,NA,NA
458 U.S. 886,1981,Burger,NATIONAL ASSOCIATION FOR THE ADVANCEMENT OF COLORED PEOPLE et al. v. CLAIBORNE HARDWARE CO. et al.,103,8,0,NA,NA,NA,NA,NA,NA,NA,NA,NA,NA,NA,NA,NA,1,NA,NA,1,NA,NA,NA,1,1,1,4,1,1,NA,NA,NA,NA,NA,NA,NA,NA,NA,NA,NA,NA,NA,NA,1982/07/02 00:00:00,1982,Yes,Yes,Yes,D,None,NGO,Companies,p1,None,No,P1 is the winner (original defendant)
459 U.S. 116,1982,Burger,"LARKIN et al. v. GRENDEL'S DEN, INC.",99,8,1,NA,NA,NA,NA,NA,NA,NA,NA,NA,NA,NA,NA,NA,1,NA,NA,1,NA,NA,1,1,1,1,2,1,1,NA,NA,NA,NA,NA,NA,NA,NA,NA,NA,NA,NA,NA,NA,1982/12/13 00:00:00,1982,No,Yes,No,NA,NA,NA,NA,NA,NA,NA,NA
459 U.S. 248,1982,Burger,PILLSBURY CO. et al. v. CONBOY,101,7,2,NA,NA,NA,NA,NA,NA,NA,NA,NA,NA,NA,NA,NA,4,NA,NA,1,NA,NA,3,1,4,1,1,2,2,NA,NA,NA,NA,NA,NA,NA,NA,NA,NA,NA,NA,NA,NA,1983/01/11 00:00:00,1983,No,Yes,No,NA,NA,NA,NA,NA,NA,NA,NA
459 U.S. 498,1982,Burger,COMMUNITY TELEVISION OF SOUTHERN CALIFORNIA v. GOTTFRIED et al.,103,7,2,NA,NA,NA,NA,NA,NA,NA,NA,NA,NA,NA,NA,NA,2,NA,NA,1,NA,NA,2,1,1,1,1,1,1,NA,NA,NA,NA,NA,NA,NA,NA,NA,NA,NA,NA,NA,NA,1983/02/22 00:00:00,1983,No,Yes,No,NA,NA,NA,NA,NA,NA,NA,NA
459 U.S. 519,1982,Burger,"ASSOCIATED GENERAL CONTRACTORS OF CALIFORNIA, INC. v. CALIFORNIA STATE COUNCIL OF CARPENTERS et al.",103,8,1,NA,NA,NA,NA,NA,NA,NA,NA,NA,NA,NA,NA,NA,1,NA,NA,1,NA,NA,2,1,1,1,1,1,1,NA,NA,NA,NA,NA,NA,NA,NA,NA,NA,NA,NA,NA,NA,1983/02/22 00:00:00,1983,Yes,Yes,Yes,D,D,Professional association,Union,p1,p1,Yes,P1 is the winner (original defendant)
460 U.S. 73,1982,Burger,CONNECTICUT v. JOHNSON,100,5,4,NA,NA,NA,NA,NA,NA,NA,NA,NA,NA,NA,NA,NA,1,NA,NA,1,NA,NA,1,2,5,2,2,4,2,NA,NA,NA,NA,NA,NA,NA,NA,NA,NA,NA,NA,NA,NA,1983/02/23 00:00:00,1983,No,Yes,No,NA,NA,NA,NA,NA,NA,NA,NA
460 U.S. 150,1982,Burger,"JEFFERSON COUNTY PHARMACEUTICAL ASSOCIATION, INC. v. ABBOTT LABORATORIES et al.",101,5,4,NA,NA,NA,NA,NA,NA,NA,NA,NA,NA,NA,NA,NA,2,NA,NA,1,NA,NA,1,1,1,1,2,2,2,NA,NA,NA,NA,NA,NA,NA,NA,NA,NA,NA,NA,NA,NA,1983/02/23 00:00:00,1983,Yes,Yes,Yes,P,None,Professional association,Company,p1,None,No,NA
460 U.S. 204,1982,Burger,"WHITE, MAYOR OF BOSTON, et al. v. MASSACHUSETTS COUNCIL OF CONSTRUCTION EMPLOYERS, INC., et al.",102,7,2,NA,NA,NA,NA,NA,NA,NA,NA,NA,NA,NA,NA,NA,1,NA,NA,2,NA,NA,1,1,2,1,1,1,1,NA,NA,NA,NA,NA,NA,NA,NA,NA,NA,NA,NA,NA,NA,1983/02/28 00:00:00,1983,No,Yes,No,NA,NA,NA,NA,NA,NA,NA,NA
460 U.S. 325,1982,Burger,BRISCOE et al. v. LAHUE et al.,103,6,3,NA,NA,NA,NA,NA,NA,NA,NA,NA,NA,NA,NA,NA,2,NA,NA,1,NA,NA,2,1,2,1,1,1,1,NA,NA,NA,NA,NA,NA,NA,NA,NA,NA,NA,NA,NA,NA,1983/03/07 00:00:00,1983,No,Yes,No,NA,NA,NA,NA,NA,NA,NA,NA
460 U.S. 428,1982,Burger,"FALLS CITY INDUSTRIES, INC. v. VANCO BEVERAGE, INC.",100,9,0,NA,NA,NA,NA,NA,NA,NA,NA,NA,NA,NA,NA,NA,1,NA,NA,1,NA,NA,1,1,1,1,1,1,1,NA,NA,NA,NA,NA,NA,NA,NA,NA,NA,NA,NA,NA,NA,1983/03/22 00:00:00,1983,Yes,Yes,Yes,D,D,Company,Company,p1,p1,Yes,P1 is the winner (original defendant)
460 U.S. 462,1982,Burger,DISTRICT OF COLUMBIA COURT OF APPEALS et al. v. FELDMAN et al.,92,8,1,NA,NA,NA,NA,NA,NA,NA,NA,NA,NA,NA,NA,NA,1,NA,NA,1,NA,NA,1,1,1,1,1,2,1,NA,NA,NA,NA,NA,NA,NA,NA,NA,NA,NA,NA,NA,NA,1983/03/23 00:00:00,1983,No,Yes,No,NA,NA,NA,NA,NA,NA,NA,NA
460 U.S. 557,1982,Burger,"ILLINOIS v. ABBOTT & ASSOCIATES, INC., et al.",103,9,0,NA,NA,NA,NA,NA,NA,NA,NA,NA,NA,NA,NA,NA,3,NA,NA,1,NA,NA,1,1,1,1,1,1,3,NA,NA,NA,NA,NA,NA,NA,NA,NA,NA,NA,NA,NA,NA,1983/03/29 00:00:00,1983,No,Yes,No,NA,NA,NA,NA,NA,NA,NA,NA
462 U.S. 122,1982,Burger,BANKAMERICA CORP. et al. v. UNITED STATES,99,5,3,NA,NA,NA,NA,NA,NA,NA,NA,NA,NA,NA,NA,NA,2,NA,NA,2,NA,NA,2,1,1,NA,1,1,1,NA,NA,NA,NA,NA,NA,NA,NA,NA,NA,NA,NA,NA,NA,1983/06/08 00:00:00,1983,Yes,Yes,Yes,D,"NA",Company,Government,p1,p2,Yes,P1 is the winner (original defendant)
463 U.S. 418,1982,Burger,"UNITED STATES v. SELLS ENGINEERING, INC., et al.",92,5,4,NA,NA,NA,NA,NA,NA,NA,NA,NA,NA,NA,NA,NA,1,NA,NA,1,NA,NA,1,2,1,2,2,1,2,NA,NA,NA,NA,NA,NA,NA,NA,NA,NA,NA,NA,NA,NA,1983/06/30 00:00:00,1983,No,Yes,No,NA,NA,NA,NA,NA,NA,NA,NA
463 U.S. 582,1982,Burger,GUARDIANS ASSOCIATION et al. v. CIVIL SERVICE COMMISSION OF THE CITY OF NEW YORK et al.,95,5,4,NA,NA,NA,NA,NA,NA,NA,NA,NA,NA,NA,NA,NA,2,NA,NA,5,NA,NA,2,4,2,4,4,2,4,NA,NA,NA,NA,NA,NA,NA,NA,NA,NA,NA,NA,NA,NA,1983/07/01 00:00:00,1983,No,Yes,No,NA,NA,NA,NA,NA,NA,NA,NA
463 U.S. 1073,1982,Burger,ARIZONA GOVERNING COMMITTEE FOR TAX DEFERRED ANNUITY AND DEFERRED COMPENSATION PLANS et al. v. NORRIS,NA,5,4,NA,NA,NA,NA,NA,NA,NA,NA,NA,NA,NA,NA,NA,4,NA,NA,4,NA,NA,4,2,2,2,2,4,4,NA,NA,NA,NA,NA,NA,NA,NA,NA,NA,NA,NA,NA,NA,1983/07/06 00:00:00,1983,No,Yes,No,NA,NA,NA,NA,NA,NA,NA,NA
465 U.S. 638,1983,Burger,"SOLEM, WARDEN, SOUTH DAKOTA STATE PENITENTIARY v. STUMES",95,6,3,NA,NA,NA,NA,NA,NA,NA,NA,NA,NA,NA,NA,NA,2,NA,NA,1,NA,NA,2,1,1,4,1,2,1,NA,NA,NA,NA,NA,NA,NA,NA,NA,NA,NA,NA,NA,NA,1984/02/29 00:00:00,1984,No,Yes,No,NA,NA,NA,NA,NA,NA,NA,NA
465 U.S. 752,1983,Burger,MONSANTO CO. v. SPRAY-RITE SERVICE CORP.,101,8,0,NA,NA,NA,NA,NA,NA,NA,NA,NA,NA,NA,NA,NA,3,NA,NA,NA,NA,NA,1,1,1,1,1,1,1,NA,NA,NA,NA,NA,NA,NA,NA,NA,NA,NA,NA,NA,NA,1984/03/20 00:00:00,1984,Yes,Yes,Yes,P,D,Bigger company,Smaller company,p2,p1,No,P2 is the winner (original plaintiff)
466 U.S. 2,1983,Burger,JEFFERSON PARISH HOSPITAL DISTRICT NO. 2 et al. v. HYDE,103,9,0,NA,NA,NA,NA,NA,NA,NA,NA,NA,NA,NA,NA,NA,3,NA,NA,1,NA,NA,3,4,1,4,4,1,4,NA,NA,NA,NA,NA,NA,NA,NA,NA,NA,NA,NA,NA,NA,1984/03/27 00:00:00,1984,Yes,Yes,Yes,D,P,Company,Individual,p1,p2,Yes,P1 is the winner (original defendant)
466 U.S. 558,1983,Burger,HOOVER et al. v. RONWIN et al.,101,4,3,NA,NA,NA,NA,NA,NA,NA,NA,NA,NA,NA,NA,NA,1,NA,NA,2,NA,NA,1,1,2,1,NA,2,NA,NA,NA,NA,NA,NA,NA,NA,NA,NA,NA,NA,NA,NA,NA,1984/05/14 00:00:00,1984,Yes,Yes,Yes,D,P,State-sanctioned professional organization,Individual,p1,p2,Yes,P1 is the winner (original defendant)
467 U.S. 691,1983,Burger,"CAPITAL CITIES CABLE, INC., et al. v. CRISP, DIRECTOR, OKLAHOMA ALCOHOLIC BEVERAGE CONTROL BOARD",92,9,0,NA,NA,NA,NA,NA,NA,NA,NA,NA,NA,NA,NA,NA,1,NA,NA,1,NA,NA,1,1,1,1,1,1,1,NA,NA,NA,NA,NA,NA,NA,NA,NA,NA,NA,NA,NA,NA,1984/06/18 00:00:00,1984,No,Yes,No,NA,NA,NA,NA,NA,NA,NA,NA
467 U.S. 752,1983,Burger,COPPERWELD CORP. et al. v. INDEPENDENCE TUBE CORP.,99,5,3,NA,NA,NA,NA,NA,NA,NA,NA,NA,NA,NA,NA,NA,2,NA,NA,NA,NA,NA,2,1,1,1,1,2,1,NA,NA,NA,NA,NA,NA,NA,NA,NA,NA,NA,NA,NA,NA,1984/06/19 00:00:00,1984,Yes,Yes,Yes,D,D,Bigger company,Smaller company,p1,p2,Yes,P1 is the winner (original defendant)
468 U.S. 85,1983,Burger,NATIONAL COLLEGIATE ATHLETIC ASSOCIATION v. BOARD OF REGENTS OF THE UNIVERSITY OF OKLAHOMA et al.,103,7,2,NA,NA,NA,NA,NA,NA,NA,NA,NA,NA,NA,NA,NA,1,NA,NA,2,NA,NA,1,1,1,1,2,1,1,NA,NA,NA,NA,NA,NA,NA,NA,NA,NA,NA,NA,NA,NA,1984/06/27 00:00:00,1984,Yes,Yes,Yes,P,P,Company,Universities,p2,p2,Yes,P2 is the winner (original plaintiff)
469 U.S. 528,1984,Burger,GARCIA v. SAN ANTONIO METROPOLITAN TRANSIT AUTHORITY et al.,100,5,4,NA,NA,NA,NA,NA,NA,NA,NA,NA,NA,NA,NA,NA,1,NA,NA,1,NA,NA,1,2,1,2,2,1,2,NA,NA,NA,NA,NA,NA,NA,NA,NA,NA,NA,NA,NA,NA,1985/02/19 00:00:00,1985,No,Yes,No,NA,NA,NA,NA,NA,NA,NA,NA
470 U.S. 373,1984,Burger,MARRESE et al. v. AMERICAN ACADEMY OF ORTHOPAEDIC SURGEONS,104,7,0,NA,NA,NA,NA,NA,NA,NA,NA,NA,NA,NA,NA,NA,1,NA,NA,1,NA,NA,1,4,NA,1,1,NA,1,NA,NA,NA,NA,NA,NA,NA,NA,NA,NA,NA,NA,NA,NA,1985/03/04 00:00:00,1985,No,Yes,No,NA,NA,NA,NA,NA,NA,NA,NA
471 U.S. 34,1984,Burger,TOWN OF HALLIE et al. v. CITY OF EAU CLAIRE,101,9,0,NA,NA,NA,NA,NA,NA,NA,NA,NA,NA,NA,NA,NA,1,NA,NA,1,NA,NA,1,1,1,1,1,1,1,NA,NA,NA,NA,NA,NA,NA,NA,NA,NA,NA,NA,NA,NA,1985/03/27 00:00:00,1985,Yes,Yes,Yes,D,D,City government,City government,p2,p2,Yes,NA
471 U.S. 48,1984,Burger,"SOUTHERN MOTOR CARRIERS RATE CONFERENCE, INC., et al. v. UNITED STATES",101,7,2,NA,NA,NA,NA,NA,NA,NA,NA,NA,NA,NA,NA,NA,1,NA,NA,2,NA,NA,1,1,1,1,1,2,1,NA,NA,NA,NA,NA,NA,NA,NA,NA,NA,NA,NA,NA,NA,1985/03/27 00:00:00,1985,Yes,Yes,Yes,D,"NA",Company,Government,p1,p2,Yes,P1 is the winner (original defendant)
472 U.S. 284,1984,Burger,"NORTHWEST WHOLESALE STATIONERS, INC. v. PACIFIC STATIONERY & PRINTING CO.",92,7,0,NA,NA,NA,NA,NA,NA,NA,NA,NA,NA,NA,NA,NA,1,NA,NA,1,NA,NA,NA,1,1,NA,1,1,1,NA,NA,NA,NA,NA,NA,NA,NA,NA,NA,NA,NA,NA,NA,1985/06/11 00:00:00,1985,Yes,Yes,Yes,D,D,Bigger company,Smaller company,p1,p1,No,P1 is the winner (original defendant)
472 U.S. 299,1984,Burger,"BATEMAN EICHLER, HILL RICHARDS, INC. v. BERNER et al.",92,8,0,NA,NA,NA,NA,NA,NA,NA,NA,NA,NA,NA,NA,NA,1,NA,NA,1,NA,NA,NA,4,1,1,1,1,1,NA,NA,NA,NA,NA,NA,NA,NA,NA,NA,NA,NA,NA,NA,1985/06/11 00:00:00,1985,No,Yes,No,NA,NA,NA,NA,NA,NA,NA,NA
472 U.S. 585,1984,Burger,ASPEN SKIING CO. v. ASPEN HIGHLANDS SKIING CORP.,103,8,0,NA,NA,NA,NA,NA,NA,NA,NA,NA,NA,NA,NA,NA,1,NA,NA,NA,NA,NA,1,1,1,1,1,1,1,NA,NA,NA,NA,NA,NA,NA,NA,NA,NA,NA,NA,NA,NA,1985/06/19 00:00:00,1985,Yes,Yes,Yes,P,None,Bigger company,Smaller company,p2,None,Yes,P2 is the winner (original plaintiff)
473 U.S. 134,1984,Burger,MASSACHUSETTS MUTUAL LIFE INSURANCE CO. et al. v. RUSSELL,103,9,0,NA,NA,NA,NA,NA,NA,NA,NA,NA,NA,NA,NA,NA,4,NA,NA,4,NA,NA,4,1,4,1,1,1,1,NA,NA,NA,NA,NA,NA,NA,NA,NA,NA,NA,NA,NA,NA,1985/06/27 00:00:00,1985,No,Yes,No,NA,NA,NA,NA,NA,NA,NA,NA
473 U.S. 479,1984,Burger,"SEDIMA, S.P.R.L. v. IMREX CO., INC., et al.",95,5,4,NA,NA,NA,NA,NA,NA,NA,NA,NA,NA,NA,NA,NA,2,NA,NA,1,NA,NA,2,1,2,2,1,1,1,NA,NA,NA,NA,NA,NA,NA,NA,NA,NA,NA,NA,NA,NA,1985/07/01 00:00:00,1985,No,Yes,No,NA,NA,NA,NA,NA,NA,NA,NA
473 U.S. 479,1984,Burger,"SEDIMA, S.P.R.L. v. IMREX CO., INC., et al.",95,5,4,NA,NA,NA,NA,NA,NA,NA,NA,NA,NA,NA,NA,NA,2,NA,NA,1,NA,NA,2,1,2,2,1,1,1,NA,NA,NA,NA,NA,NA,NA,NA,NA,NA,NA,NA,NA,NA,1985/07/01 00:00:00,1985,No,Yes,No,NA,NA,NA,NA,NA,NA,NA,NA
473 U.S. 614,1984,Burger,"MITSUBISHI MOTORS CORP. v. SOLER CHRYSLER-PLYMOUTH, INC.",100,5,3,NA,NA,NA,NA,NA,NA,NA,NA,NA,NA,NA,NA,NA,2,NA,NA,1,NA,NA,2,1,1,NA,1,2,1,NA,NA,NA,NA,NA,NA,NA,NA,NA,NA,NA,NA,NA,NA,1985/07/02 00:00:00,1985,No,Yes,No,NA,NA,NA,NA,NA,NA,NA,NA
475 U.S. 260,1985,Burger,"FISHER et al. v. CITY OF BERKELEY, CALIFORNIA, et al.",98,8,1,NA,NA,NA,NA,NA,NA,NA,NA,NA,NA,NA,NA,NA,2,NA,NA,1,NA,NA,1,1,1,4,1,1,1,NA,NA,NA,NA,NA,NA,NA,NA,NA,NA,NA,NA,NA,NA,1986/02/26 00:00:00,1986,Yes,Yes,Yes,D,None,Individuals,City government,p2,None,No,NA
475 U.S. 574,1985,Burger,"MATSUSHITA ELECTRIC INDUSTRIAL CO., LTD, et al. v. ZENITH RADIO CORP. et al.",101,5,4,NA,NA,NA,NA,NA,NA,NA,NA,NA,NA,NA,NA,NA,2,NA,NA,2,NA,NA,1,1,2,1,1,2,1,NA,NA,NA,NA,NA,NA,NA,NA,NA,NA,NA,NA,NA,NA,1986/03/26 00:00:00,1986,Yes,Yes,Yes,D,D,Company,Company,p1,p1,Yes,P1 is the winner (original defendant)
476 U.S. 409,1985,Burger,"SQUARE D CO. et al. v. NIAGARA FRONTIER TARIFF BUREAU, INC., et al.",103,8,1,NA,NA,NA,NA,NA,NA,NA,NA,NA,NA,NA,NA,NA,1,NA,NA,1,NA,NA,2,1,1,1,1,1,1,NA,NA,NA,NA,NA,NA,NA,NA,NA,NA,NA,NA,NA,NA,1986/05/27 00:00:00,1986,No,Yes,No,NA,NA,NA,NA,NA,NA,NA,NA
476 U.S. 447,1985,Burger,FEDERAL TRADE COMMISSION v. INDIANA FEDERATION OF DENTISTS,95,9,0,NA,NA,NA,NA,NA,NA,NA,NA,NA,NA,NA,NA,NA,1,NA,NA,1,NA,NA,1,1,1,1,1,1,1,NA,NA,NA,NA,NA,NA,NA,NA,NA,NA,NA,NA,NA,NA,1986/06/02 00:00:00,1986,Yes,Yes,Yes,P,"NA",Federal government,Professional associations,p1,p1,Yes,NA
476 U.S. 488,1985,Burger,"CITY OF LOS ANGELES et al. v. PREFERRED COMMUNICATIONS, INC.",102,9,0,NA,NA,NA,NA,NA,NA,NA,NA,NA,NA,NA,NA,NA,1,NA,NA,1,NA,NA,3,1,3,1,1,1,3,NA,NA,NA,NA,NA,NA,NA,NA,NA,NA,NA,NA,NA,NA,1986/06/02 00:00:00,1986,No,Yes,No,NA,NA,NA,NA,NA,NA,NA,NA
477 U.S. 242,1985,Burger,"ANDERSON et al. v. LIBERTY LOBBY, INC., et al.",95,6,3,NA,NA,NA,NA,NA,NA,NA,NA,NA,NA,NA,NA,NA,2,NA,NA,1,NA,NA,1,2,1,1,2,1,1,NA,NA,NA,NA,NA,NA,NA,NA,NA,NA,NA,NA,NA,NA,1986/06/25 00:00:00,1986,No,Yes,No,NA,NA,NA,NA,NA,NA,NA,NA
479 U.S. 104,1986,Rehnquist,"CARGILL, INC., et al. v. MONFORT OF COLORADO, INC.",92,6,2,NA,NA,NA,NA,NA,NA,NA,NA,NA,NA,NA,NA,NA,1,NA,NA,2,NA,NA,1,NA,NA,1,1,2,1,1,NA,NA,NA,NA,NA,NA,NA,NA,NA,NA,NA,NA,NA,1986/12/09 00:00:00,1986,Yes,Yes,Yes,D,D,Bigger company,Smaller company,p1,p1,Yes,P1 is the winner (original defendant)
479 U.S. 335,1986,Rehnquist,"324 LIQUOR CORP., DBA YORKSHIRE WINE & SPIRITS v. DUFFY et al.",101,7,2,NA,NA,NA,NA,NA,NA,NA,NA,NA,NA,NA,NA,NA,1,NA,NA,1,NA,NA,1,NA,1,1,2,1,2,1,NA,NA,NA,NA,NA,NA,NA,NA,NA,NA,NA,NA,NA,1987/01/13 00:00:00,1987,Yes,Yes,Yes,P,P,Company,State government,p1,p1,Yes,NA
481 U.S. 102,1986,Rehnquist,"UNITED STATES v. JOHN DOE, INC. I, et al.",103,5,3,NA,NA,NA,NA,NA,NA,NA,NA,NA,NA,NA,NA,NA,2,NA,NA,NA,NA,NA,2,NA,2,1,1,1,1,1,NA,NA,NA,NA,NA,NA,NA,NA,NA,NA,NA,NA,NA,1987/04/21 00:00:00,1987,No,Yes,No,NA,NA,NA,NA,NA,NA,NA,NA
482 U.S. 220,1986,Rehnquist,SHEARSON/AMERICAN EXPRESS INC. et al. v. MCMAHON et al.,104,5,4,NA,NA,NA,NA,NA,NA,NA,NA,NA,NA,NA,NA,NA,2,NA,NA,1,NA,NA,2,NA,2,1,1,2,1,1,NA,NA,NA,NA,NA,NA,NA,NA,NA,NA,NA,NA,NA,1987/06/08 00:00:00,1987,No,Yes,No,NA,NA,NA,NA,NA,NA,NA,NA
483 U.S. 350,1986,Rehnquist,MCNALLY v. UNITED STATES,95,7,2,NA,NA,NA,NA,NA,NA,NA,NA,NA,NA,NA,NA,NA,1,NA,NA,1,NA,NA,1,NA,1,1,1,2,2,1,NA,NA,NA,NA,NA,NA,NA,NA,NA,NA,NA,NA,NA,1987/06/24 00:00:00,1987,No,Yes,No,NA,NA,NA,NA,NA,NA,NA,NA
485 U.S. 176,1987,Rehnquist,"K MART CORPORATION v. CARTIER, INC., et al.",92,5,3,NA,NA,NA,NA,NA,NA,NA,NA,NA,NA,NA,NA,NA,1,NA,NA,1,NA,NA,1,NA,1,NA,2,1,2,2,NA,NA,NA,NA,NA,NA,NA,NA,NA,NA,NA,NA,NA,1988/03/07 00:00:00,1988,No,Yes,No,NA,NA,NA,NA,NA,NA,NA,NA
485 U.S. 717,1987,Rehnquist,BUSINESS ELECTRONICS CORP. v. SHARP ELECTRONICS CORP.,105,6,2,NA,NA,NA,NA,NA,NA,NA,NA,NA,NA,NA,NA,NA,1,NA,NA,2,NA,NA,1,NA,1,NA,1,2,1,1,NA,NA,NA,NA,NA,NA,NA,NA,NA,NA,NA,NA,NA,1988/05/02 00:00:00,1988,Yes,Yes,Yes,D,None,Company,Company,p2,None,Yes,NA
486 U.S. 94,1987,Rehnquist,PATRICK v. BURGET et al.,98,8,0,NA,NA,NA,NA,NA,NA,NA,NA,NA,NA,NA,NA,NA,1,NA,NA,1,NA,NA,1,NA,NA,NA,1,1,1,1,1,NA,NA,NA,NA,NA,NA,NA,NA,NA,NA,NA,NA,1988/05/16 00:00:00,1988,Yes,Yes,Yes,P,P,Individual,Company,p1,p1,No,NA
486 U.S. 281,1987,Rehnquist,"K MART CORP. v. CARTIER, INC., et al.",106,5,4,NA,NA,NA,NA,NA,NA,NA,NA,NA,NA,NA,NA,NA,4,NA,NA,4,NA,NA,4,NA,2,NA,2,4,2,2,1,NA,NA,NA,NA,NA,NA,NA,NA,NA,NA,NA,NA,1988/05/31 00:00:00,1988,No,Yes,No,NA,NA,NA,NA,NA,NA,NA,NA
486 U.S. 492,1987,Rehnquist,"ALLIED TUBE & CONDUIT CORP. v. INDIAN HEAD, INC.",92,7,2,NA,NA,NA,NA,NA,NA,NA,NA,NA,NA,NA,NA,NA,1,NA,NA,2,NA,NA,1,NA,1,NA,1,1,2,1,1,NA,NA,NA,NA,NA,NA,NA,NA,NA,NA,NA,NA,1988/06/13 00:00:00,1988,Yes,Yes,Yes,P,P,Company,Company,p2,p2,Yes,P2 is the winner (original plaintiff)
486 U.S. 800,1987,Rehnquist,CHRISTIANSON et al. v. COLT INDUSTRIES OPERATING CORP.,92,9,0,NA,NA,NA,NA,NA,NA,NA,NA,NA,NA,NA,NA,NA,1,NA,NA,1,NA,NA,1,NA,3,NA,1,3,1,1,1,NA,NA,NA,NA,NA,NA,NA,NA,NA,NA,NA,NA,1988/06/17 00:00:00,1988,No,Yes,No,NA,NA,NA,NA,NA,NA,NA,NA
487 U.S. 931,1987,Rehnquist,UNITED STATES v. KOZMINSKI et al.,104,9,0,NA,NA,NA,NA,NA,NA,NA,NA,NA,NA,NA,NA,NA,4,NA,NA,1,NA,NA,4,NA,4,NA,1,4,1,1,1,NA,NA,NA,NA,NA,NA,NA,NA,NA,NA,NA,NA,1988/06/29 00:00:00,1988,No,Yes,No,NA,NA,NA,NA,NA,NA,NA,NA
488 U.S. 179,1988,Rehnquist,NATIONAL COLLEGIATE ATHLETIC ASSOCIATION v. JERRY TARKANIAN,103,5,4,NA,NA,NA,NA,NA,NA,NA,NA,NA,NA,NA,NA,NA,2,NA,NA,2,NA,NA,2,NA,1,NA,1,1,2,1,1,NA,NA,NA,NA,NA,NA,NA,NA,NA,NA,NA,NA,1988/12/12 00:00:00,1988,No,Yes,No,NA,NA,NA,NA,NA,NA,NA,NA
488 U.S. 563,1988,Rehnquist,UNITED STATES v. BROCE et al.,106,6,3,NA,NA,NA,NA,NA,NA,NA,NA,NA,NA,NA,NA,NA,2,NA,NA,1,NA,NA,2,NA,2,NA,1,3,1,1,1,NA,NA,NA,NA,NA,NA,NA,NA,NA,NA,NA,NA,1989/01/23 00:00:00,1989,No,Yes,No,NA,NA,NA,NA,NA,NA,NA,NA
489 U.S. 794,1988,Rehnquist,MIDLAND ASPHALT CORP. et al. v. UNITED STATES,105,9,0,NA,NA,NA,NA,NA,NA,NA,NA,NA,NA,NA,NA,NA,1,NA,NA,1,NA,NA,1,NA,1,NA,1,1,1,1,1,NA,NA,NA,NA,NA,NA,NA,NA,NA,NA,NA,NA,1989/03/28 00:00:00,1989,No,Yes,No,NA,NA,NA,NA,NA,NA,NA,NA
490 U.S. 93,1988,Rehnquist,CALIFORNIA et al. v. ARC AMERICA CORP. et al.,95,7,0,NA,NA,NA,NA,NA,NA,NA,NA,NA,NA,NA,NA,NA,1,NA,NA,1,NA,NA,1,NA,1,NA,1,NA,NA,1,1,NA,NA,NA,NA,NA,NA,NA,NA,NA,NA,NA,NA,1989/04/18 00:00:00,1989,Yes,Yes,Yes,P,P,State government,Company,p1,p1,No,NA
492 U.S. 257,1988,Rehnquist,"BROWNING-FERRIS INDUSTRIES OF VERMONT, INC., et al. v. KELCO DISPOSAL, INC., et al.",100,7,2,NA,NA,NA,NA,NA,NA,NA,NA,NA,NA,NA,NA,NA,3,NA,NA,1,NA,NA,3,NA,1,NA,1,2,2,1,1,NA,NA,NA,NA,NA,NA,NA,NA,NA,NA,NA,NA,1989/06/26 00:00:00,1989,No,Yes,No,NA,NA,NA,NA,NA,NA,NA,NA
493 U.S. 411,1989,Rehnquist,FEDERAL TRADE COMMISSION v. SUPERIOR COURT TRIAL LAWYERS ASSOCIATION et al.,103,6,3,NA,NA,NA,NA,NA,NA,NA,NA,NA,NA,NA,NA,NA,2,NA,NA,1,NA,NA,2,NA,2,NA,1,1,1,1,1,NA,NA,NA,NA,NA,NA,NA,NA,NA,NA,NA,NA,1990/01/22 00:00:00,1990,Yes,Yes,Yes,P,"NA",Federal government,State-sanctioned professional association,p1,p2,Yes,NA
493 U.S. 455,1989,Rehnquist,TAFFLIN et al. v. LEVITT et al.,104,9,0,NA,NA,NA,NA,NA,NA,NA,NA,NA,NA,NA,NA,NA,1,NA,NA,3,NA,NA,1,NA,1,NA,1,1,1,3,1,NA,NA,NA,NA,NA,NA,NA,NA,NA,NA,NA,NA,1990/01/22 00:00:00,1990,No,Yes,No,NA,NA,NA,NA,NA,NA,NA,NA
494 U.S. 259,1989,Rehnquist,UNITED STATES v. RENE MARTIN VERDUGO-URQUIDEZ,102,6,3,NA,NA,NA,NA,NA,NA,NA,NA,NA,NA,NA,NA,NA,2,NA,NA,1,NA,NA,2,NA,2,NA,1,4,1,1,3,NA,NA,NA,NA,NA,NA,NA,NA,NA,NA,NA,NA,1990/02/28 00:00:00,1990,No,Yes,No,NA,NA,NA,NA,NA,NA,NA,NA
494 U.S. 827,1989,Rehnquist,KAISER ALUMINUM & CHEMICAL CORP. et al. v. BONJORNO et al.,104,5,4,NA,NA,NA,NA,NA,NA,NA,NA,NA,NA,NA,NA,NA,2,NA,NA,2,NA,NA,2,NA,2,NA,1,1,1,3,1,NA,NA,NA,NA,NA,NA,NA,NA,NA,NA,NA,NA,1990/04/17 00:00:00,1990,No,Yes,No,NA,NA,NA,NA,NA,NA,NA,NA
495 U.S. 271,1989,Rehnquist,CALIFORNIA v. AMERICAN STORES CO. et al.,103,9,0,NA,NA,NA,NA,NA,NA,NA,NA,NA,NA,NA,NA,NA,1,NA,NA,1,NA,NA,1,NA,1,NA,1,1,1,1,3,NA,NA,NA,NA,NA,NA,NA,NA,NA,NA,NA,NA,1990/04/30 00:00:00,1990,Yes,Yes,Yes,P,None,State government,Company,p1,None,Yes,NA
495 U.S. 328,1989,Rehnquist,ATLANTIC RICHFIELD CO. v. USA PETROLEUM CO.,92,7,2,NA,NA,NA,NA,NA,NA,NA,NA,NA,NA,NA,NA,NA,1,NA,NA,2,NA,NA,1,NA,1,NA,1,2,1,1,1,NA,NA,NA,NA,NA,NA,NA,NA,NA,NA,NA,NA,1990/05/14 00:00:00,1990,Yes,Yes,Yes,D,D,Bigger company,Smaller company,p1,p1,Yes,P1 is the winner (original defendant)
496 U.S. 543,1989,Rehnquist,"TEXACO INC. v. RICKY HASBROUCK, DBA RICK'S TEXACO, et al.",103,9,0,NA,NA,NA,NA,NA,NA,NA,NA,NA,NA,NA,NA,NA,1,NA,NA,4,NA,NA,1,NA,1,NA,1,1,1,4,4,NA,NA,NA,NA,NA,NA,NA,NA,NA,NA,NA,NA,1990/06/14 00:00:00,1990,Yes,Yes,Yes,P,D,Bigger company,Smaller company,p2,p1,Yes,P2 is the winner (original plaintiff)
497 U.S. 116,1989,Rehnquist,"MAISLIN INDUSTRIES, U.S., INC., et al. v. PRIMARY STEEL, INC., et al.",92,7,2,NA,NA,NA,NA,NA,NA,NA,NA,NA,NA,NA,NA,NA,1,NA,NA,1,NA,NA,1,NA,1,NA,2,2,1,3,1,NA,NA,NA,NA,NA,NA,NA,NA,NA,NA,NA,NA,1990/06/21 00:00:00,1990,No,Yes,No,NA,NA,NA,NA,NA,NA,NA,NA
497 U.S. 199,1989,Rehnquist,KANSAS et al. v. UTILICORP UNITED INC.,106,5,4,NA,NA,NA,NA,NA,NA,NA,NA,NA,NA,NA,NA,NA,2,NA,NA,2,NA,NA,2,NA,2,NA,1,1,1,1,1,NA,NA,NA,NA,NA,NA,NA,NA,NA,NA,NA,NA,1990/06/21 00:00:00,1990,Yes,Yes,Yes,D,D,State government,Company,p2,p2,Yes,NA
498 U.S. 46,1990,Rehnquist,"JAY PALMER et al. v. BRG OF GEORGIA, INC., et al.",NA,7,1,NA,NA,NA,NA,NA,NA,NA,NA,NA,NA,NA,NA,NA,NA,NA,NA,1,NA,NA,7,NA,1,NA,1,1,1,1,1,NA,NA,NA,NA,NA,NA,NA,NA,NA,NA,NA,NA,1990/11/26 00:00:00,1990,No,Yes,No,NA,NA,NA,NA,NA,NA,NA,NA
499 U.S. 365,1990,Rehnquist,"CITY OF COLUMBIA et al. v. OMNI OUTDOOR ADVERTISING, INC.",105,6,3,NA,NA,NA,NA,NA,NA,NA,NA,NA,NA,NA,NA,NA,NA,NA,NA,2,NA,NA,2,NA,1,NA,1,2,1,1,1,1,NA,NA,NA,NA,NA,NA,NA,NA,NA,NA,NA,1991/04/01 00:00:00,1991,Yes,Yes,Yes,D,None,City government,Company,p1,None,Yes,P1 is the winner (original defendant)
500 U.S. 20,1990,Rehnquist,ROBERT D. GILMER v. INTERSTATE/JOHNSON LANE CORPORATION,95,7,2,NA,NA,NA,NA,NA,NA,NA,NA,NA,NA,NA,NA,NA,NA,NA,NA,1,NA,NA,2,NA,1,NA,1,2,1,1,1,1,NA,NA,NA,NA,NA,NA,NA,NA,NA,NA,NA,1991/05/13 00:00:00,1991,No,Yes,No,NA,NA,NA,NA,NA,NA,NA,NA
500 U.S. 322,1990,Rehnquist,"SUMMIT HEALTH, LTD., et al. v. SIMON J. PINHAS",103,5,4,NA,NA,NA,NA,NA,NA,NA,NA,NA,NA,NA,NA,NA,NA,NA,NA,1,NA,NA,1,NA,1,NA,1,1,2,2,2,2,NA,NA,NA,NA,NA,NA,NA,NA,NA,NA,NA,1991/05/28 00:00:00,1991,Yes,Yes,Yes,P,P,Company,Individual,p2,p2,No,P2 is the winner (original plaintiff)
501 U.S. 560,1990,Rehnquist,"MICHAEL BARNES, PROSECUTING ATTORNEY OF ST. JOSEPH COUNTY, INDIANA, et al. v. GLEN THEATRE, INC., et al.",102,5,4,NA,NA,NA,NA,NA,NA,NA,NA,NA,NA,NA,NA,NA,NA,NA,NA,2,NA,NA,2,NA,2,NA,5,2,1,4,1,4,NA,NA,NA,NA,NA,NA,NA,NA,NA,NA,NA,1991/06/21 00:00:00,1991,No,Yes,No,NA,NA,NA,NA,NA,NA,NA,NA
501 U.S. 808,1990,Rehnquist,PERVIS TYRONE PAYNE v. TENNESSEE,102,6,3,NA,NA,NA,NA,NA,NA,NA,NA,NA,NA,NA,NA,NA,NA,NA,NA,3,NA,NA,2,NA,2,NA,1,2,3,3,3,3,NA,NA,NA,NA,NA,NA,NA,NA,NA,NA,NA,1991/06/27 00:00:00,1991,No,Yes,No,NA,NA,NA,NA,NA,NA,NA,NA
503 U.S. 258,1991,Rehnquist,"ROBERT G. HOLMES, JR. v. SECURITIES INVESTOR PROTECTION CORPORATION, et al.",107,9,0,NA,NA,NA,NA,NA,NA,NA,NA,NA,NA,NA,NA,NA,NA,NA,NA,4,NA,NA,NA,NA,1,NA,1,4,4,4,1,1,1,NA,NA,NA,NA,NA,NA,NA,NA,NA,NA,1992/03/24 00:00:00,1992,No,Yes,No,NA,NA,NA,NA,NA,NA,NA,NA
504 U.S. 374,1991,Rehnquist,"DAN MORALES, ATTORNEY GENERAL OF TEXAS v. TRANS WORLD AIRLINES, INC., et al.",105,5,3,NA,NA,NA,NA,NA,NA,NA,NA,NA,NA,NA,NA,NA,NA,NA,NA,1,NA,NA,NA,NA,2,NA,2,2,1,1,1,NA,1,NA,NA,NA,NA,NA,NA,NA,NA,NA,NA,1992/06/01 00:00:00,1992,No,Yes,No,NA,NA,NA,NA,NA,NA,NA,NA
504 U.S. 451,1991,Rehnquist,"EASTMAN KODAK COMPANY v. IMAGE TECHNICAL SERVICES, INC., et al.",100,6,3,NA,NA,NA,NA,NA,NA,NA,NA,NA,NA,NA,NA,NA,NA,NA,NA,1,NA,NA,NA,NA,1,NA,1,1,2,2,1,1,2,NA,NA,NA,NA,NA,NA,NA,NA,NA,NA,1992/06/08 00:00:00,1992,Yes,Yes,Yes,P,D,Bigger company,Smaller company,p2,p1,Yes,P2 is the winner (original plaintiff)
504 U.S. 621,1991,Rehnquist,"FEDERAL TRADE COMMISSION v. TICOR TITLE INSURANCE COMPANY, et al.",106,6,3,NA,NA,NA,NA,NA,NA,NA,NA,NA,NA,NA,NA,NA,NA,NA,NA,1,NA,NA,NA,NA,1,NA,2,1,2,3,1,1,2,NA,NA,NA,NA,NA,NA,NA,NA,NA,NA,1992/06/12 00:00:00,1992,Yes,Yes,Yes,P,"NA",Federal government,Company,p1,p1,No,NA
505 U.S. 377,1991,Rehnquist,"RAV v. CITY OF ST. PAUL, MINNESOTA",105,9,0,NA,NA,NA,NA,NA,NA,NA,NA,NA,NA,NA,NA,NA,NA,NA,NA,4,NA,NA,NA,NA,4,NA,1,4,4,1,1,1,1,NA,NA,NA,NA,NA,NA,NA,NA,NA,NA,1992/06/22 00:00:00,1992,No,Yes,No,NA,NA,NA,NA,NA,NA,NA,NA
506 U.S. 263,1992,Rehnquist,"JAYNE BRAY, et al. v. ALEXANDRIA WOMEN'S HEALTH CLINIC et al.",105,6,3,NA,NA,NA,NA,NA,NA,NA,NA,NA,NA,NA,NA,NA,NA,NA,NA,1,NA,NA,NA,NA,2,NA,1,2,2,1,3,4,1,NA,NA,NA,NA,NA,NA,NA,NA,NA,NA,1993/01/13 00:00:00,1993,No,Yes,No,NA,NA,NA,NA,NA,NA,NA,NA
506 U.S. 447,1992,Rehnquist,"SPECTRUM SPORTS, INC., et al. v. SHIRLEY MCQUILLAN, ET VIR, DBA SORBOTURF ENTERPRISES",95,9,0,NA,NA,NA,NA,NA,NA,NA,NA,NA,NA,NA,NA,NA,NA,NA,NA,1,NA,NA,NA,NA,1,NA,1,1,1,1,1,1,1,NA,NA,NA,NA,NA,NA,NA,NA,NA,NA,1993/01/25 00:00:00,1993,Yes,Yes,Yes,D,D,Bigger company,Smaller company,p1,p1,Yes,P1 is the winner (original defendant)
507 U.S. 218,1992,Rehnquist,"BUILDING AND CONSTRUCTION TRADES COUNCIL OF THE METROPOLITAN DISTRICT v. ASSOCIATED BUILDERS AND CONTRACTORS OF MASSACHUSETTS/RHODE ISLAND, INC., et al.",100,9,0,NA,NA,NA,NA,NA,NA,NA,NA,NA,NA,NA,NA,NA,NA,NA,NA,1,NA,NA,NA,NA,1,NA,1,1,1,1,1,1,1,NA,NA,NA,NA,NA,NA,NA,NA,NA,NA,1993/03/08 00:00:00,1993,No,Yes,No,NA,NA,NA,NA,NA,NA,NA,NA
508 U.S. 49,1992,Rehnquist,"PROFESSIONAL REAL ESTATE INVESTORS, INC., et al. v. COLUMBIA PICTURES INDUSTRIES, INC., et al.",108,9,0,NA,NA,NA,NA,NA,NA,NA,NA,NA,NA,NA,NA,NA,NA,NA,NA,1,NA,NA,NA,NA,1,NA,1,4,4,1,1,3,1,NA,NA,NA,NA,NA,NA,NA,NA,NA,NA,1993/05/03 00:00:00,1993,Yes,Yes,Yes,D,D,Company,Company,p2,p2,Yes,NA
508 U.S. 286,1992,Rehnquist,"MUSICK, PEELER & GARRETT, et al. v. EMPLOYERS INSURANCE OF WAUSAU et al.",106,6,3,NA,NA,NA,NA,NA,NA,NA,NA,NA,NA,NA,NA,NA,NA,NA,NA,1,NA,NA,NA,NA,2,NA,1,1,2,1,1,1,2,NA,NA,NA,NA,NA,NA,NA,NA,NA,NA,1993/06/01 00:00:00,1993,No,Yes,No,NA,NA,NA,NA,NA,NA,NA,NA
508 U.S. 491,1992,Rehnquist,"UNITED STATES DEPARTMENT OF THE TREASURY AND MITCHELL A. LEVINE, ASSISTANT COMMISSIONER v. GEORGE FABE, SUPERINTENDENT OF INSURANCE OF OHIO",100,5,4,NA,NA,NA,NA,NA,NA,NA,NA,NA,NA,NA,NA,NA,NA,NA,NA,1,NA,NA,NA,NA,1,NA,1,1,1,2,2,2,2,NA,NA,NA,NA,NA,NA,NA,NA,NA,NA,1993/06/11 00:00:00,1993,No,Yes,No,NA,NA,NA,NA,NA,NA,NA,NA
509 U.S. 209,1992,Rehnquist,BROOKE GROUP LTD. v. BROWN & WILLIAMSON TOBACCO CORPORATION,106,6,3,NA,NA,NA,NA,NA,NA,NA,NA,NA,NA,NA,NA,NA,NA,NA,NA,2,NA,NA,NA,NA,2,NA,1,2,1,1,1,1,1,NA,NA,NA,NA,NA,NA,NA,NA,NA,NA,1993/06/21 00:00:00,1993,Yes,Yes,Yes,D,None,Smaller company,Bigger company,p2,None,Yes,NA
509 U.S. 764,1992,Rehnquist,"HARTFORD FIRE INSURANCE CO., et al. v. CALIFORNIA et al.",105,5,4,NA,NA,NA,NA,NA,NA,NA,NA,NA,NA,NA,NA,NA,NA,NA,NA,2,NA,NA,NA,NA,2,NA,1,2,1,1,1,2,1,NA,NA,NA,NA,NA,NA,NA,NA,NA,NA,1993/06/28 00:00:00,1993,Yes,Yes,Yes,D,P,Company,State government,p1,p2,Yes,P1 is the winner (original defendant)
510 U.S. 249,1993,Rehnquist,"NATIONAL ORGANIZATION FOR WOMEN, INC., ETC., et al. v. JOSEPH SCHEIDLER et al.",102,9,0,NA,NA,NA,NA,NA,NA,NA,NA,NA,NA,NA,NA,NA,NA,NA,NA,NA,NA,NA,NA,NA,1,NA,1,1,1,1,3,3,1,1,NA,NA,NA,NA,NA,NA,NA,NA,NA,1994/01/24 00:00:00,1994,No,Yes,No,NA,NA,NA,NA,NA,NA,NA,NA
511 U.S. 383,1993,Rehnquist,"C & A CARBONE, INC., et al. v. TOWN OF CLARKSTOWN, NEW YORK",106,6,3,NA,NA,NA,NA,NA,NA,NA,NA,NA,NA,NA,NA,NA,NA,NA,NA,NA,NA,NA,NA,NA,2,NA,2,1,4,1,1,2,1,1,NA,NA,NA,NA,NA,NA,NA,NA,NA,1994/05/16 00:00:00,1994,No,Yes,No,NA,NA,NA,NA,NA,NA,NA,NA
511 U.S. 513,1993,Rehnquist,"POSTERS 'N' THINGS, LTD., et al. v. UNITED STATES",100,9,0,NA,NA,NA,NA,NA,NA,NA,NA,NA,NA,NA,NA,NA,NA,NA,NA,NA,NA,NA,NA,NA,1,NA,1,1,1,4,4,1,4,1,NA,NA,NA,NA,NA,NA,NA,NA,NA,1994/05/23 00:00:00,1994,No,Yes,No,NA,NA,NA,NA,NA,NA,NA,NA
511 U.S. 600,1993,Rehnquist,"HAROLD E. STAPLES, III v. UNITED STATES",108,7,2,NA,NA,NA,NA,NA,NA,NA,NA,NA,NA,NA,NA,NA,NA,NA,NA,NA,NA,NA,NA,NA,2,NA,1,2,4,1,1,1,1,4,NA,NA,NA,NA,NA,NA,NA,NA,NA,1994/05/23 00:00:00,1994,No,Yes,No,NA,NA,NA,NA,NA,NA,NA,NA
512 U.S. 622,1993,Rehnquist,"TURNER BROADCASTING SYSTEM, INC., et al. v. FEDERAL COMMUNICATIONS COMMISSION et al.",106,5,4,NA,NA,NA,NA,NA,NA,NA,NA,NA,NA,NA,NA,NA,NA,NA,NA,NA,NA,NA,NA,NA,3,NA,1,3,2,2,1,1,2,2,NA,NA,NA,NA,NA,NA,NA,NA,NA,1994/06/27 00:00:00,1994,No,Yes,No,NA,NA,NA,NA,NA,NA,NA,NA
512 U.S. 874,1993,Rehnquist,"JACKIE HOLDER, ETC., et al. v. E. K. HALL, SR., et al.",106,5,4,NA,NA,NA,NA,NA,NA,NA,NA,NA,NA,NA,NA,NA,NA,NA,NA,NA,NA,NA,NA,NA,2,NA,1,2,4,4,5,2,4,2,NA,NA,NA,NA,NA,NA,NA,NA,NA,1994/06/30 00:00:00,1994,No,Yes,No,NA,NA,NA,NA,NA,NA,NA,NA
513 U.S. 10,1994,Rehnquist,UNITED STATES v. RESHAT SHABANI,104,9,0,NA,NA,NA,NA,NA,NA,NA,NA,NA,NA,NA,NA,NA,NA,NA,NA,NA,NA,NA,NA,NA,NA,NA,1,1,1,1,1,1,1,1,1,NA,NA,NA,NA,NA,NA,NA,NA,1994/11/01 00:00:00,1994,No,Yes,No,NA,NA,NA,NA,NA,NA,NA,NA
513 U.S. 179,1994,Rehnquist,"ASGROW SEED COMPANY v. DENNY WINTERBOER AND BECKY WINTERBOER, DBA DEEBEES",105,8,1,NA,NA,NA,NA,NA,NA,NA,NA,NA,NA,NA,NA,NA,NA,NA,NA,NA,NA,NA,NA,NA,NA,NA,1,2,1,1,1,1,1,1,1,NA,NA,NA,NA,NA,NA,NA,NA,1995/01/18 00:00:00,1995,No,Yes,No,NA,NA,NA,NA,NA,NA,NA,NA
513 U.S. 561,1994,Rehnquist,"ARTHUR L. GUSTAFSON, et al. v. ALLOYD COMPANY, INCORPORATED, FKA ALLOYD HOLDINGS, INCORPORATED, et al.",106,5,4,NA,NA,NA,NA,NA,NA,NA,NA,NA,NA,NA,NA,NA,NA,NA,NA,NA,NA,NA,NA,NA,NA,NA,1,1,1,2,1,1,2,2,2,NA,NA,NA,NA,NA,NA,NA,NA,1995/02/28 00:00:00,1995,No,Yes,No,NA,NA,NA,NA,NA,NA,NA,NA
514 U.S. 549,1994,Rehnquist,"UNITED STATES v. ALFONSO LOPEZ, JR.",102,5,4,NA,NA,NA,NA,NA,NA,NA,NA,NA,NA,NA,NA,NA,NA,NA,NA,NA,NA,NA,NA,NA,NA,NA,1,2,3,1,3,2,3,2,2,NA,NA,NA,NA,NA,NA,NA,NA,1995/04/26 00:00:00,1995,No,Yes,No,NA,NA,NA,NA,NA,NA,NA,NA
517 U.S. 25,1995,Rehnquist,"BARNETT BANK OF MARION COUNTY, N. A. v. BILL NELSON, FLORIDA INSURANCE COMMISSIONER, et al.",110,9,0,NA,NA,NA,NA,NA,NA,NA,NA,NA,NA,NA,NA,NA,NA,NA,NA,NA,NA,NA,NA,NA,NA,NA,1,1,1,1,1,1,1,1,1,NA,NA,NA,NA,NA,NA,NA,NA,1996/03/26 00:00:00,1996,No,Yes,No,NA,NA,NA,NA,NA,NA,NA,NA
517 U.S. 484,1995,Rehnquist,"44 LIQUORMART, INC. AND PEOPLES SUPER LIQUOR STORES, INC. v. RHODE ISLAND AND RHODE ISLAND LIQUOR STORES ASSOCIATION",103,9,0,NA,NA,NA,NA,NA,NA,NA,NA,NA,NA,NA,NA,NA,NA,NA,NA,NA,NA,NA,NA,NA,NA,NA,4,1,4,4,1,4,4,1,4,NA,NA,NA,NA,NA,NA,NA,NA,1996/05/13 00:00:00,1996,No,Yes,No,NA,NA,NA,NA,NA,NA,NA,NA
518 U.S. 231,1995,Rehnquist,"ANTONY BROWN, et al. v. PRO FOOTBALL, INC., DBA WASHINGTON REDSKINS, et al.",110,8,1,NA,NA,NA,NA,NA,NA,NA,NA,NA,NA,NA,NA,NA,NA,NA,NA,NA,NA,NA,NA,NA,NA,NA,1,2,1,1,1,1,1,1,1,NA,NA,NA,NA,NA,NA,NA,NA,1996/06/20 00:00:00,1996,Yes,Yes,Yes,D,None,Individuals,Companies,p2,None,Yes,NA
520 U.S. 180,1996,Rehnquist,"TURNER BROADCASTING SYSTEM, INC., et al. v. FEDERAL COMMUNICATIONS COMMISSION et al.",106,5,4,NA,NA,NA,NA,NA,NA,NA,NA,NA,NA,NA,NA,NA,NA,NA,NA,NA,NA,NA,NA,NA,NA,NA,1,3,2,2,1,1,2,2,3,NA,NA,NA,NA,NA,NA,NA,NA,1997/03/31 00:00:00,1997,No,Yes,No,NA,NA,NA,NA,NA,NA,NA,NA
520 U.S. 397,1996,Rehnquist,"BOARD OF THE COUNTY COMMISSIONERS OF BRYAN COUNTY, OKLAHOMA v. JILL BROWN et al.",104,5,4,NA,NA,NA,NA,NA,NA,NA,NA,NA,NA,NA,NA,NA,NA,NA,NA,NA,NA,NA,NA,NA,NA,NA,1,2,1,1,1,2,1,2,2,NA,NA,NA,NA,NA,NA,NA,NA,1997/04/28 00:00:00,1997,No,Yes,No,NA,NA,NA,NA,NA,NA,NA,NA
520 U.S. 564,1996,Rehnquist,"CAMPS NEWFOUND/OWATONNA, INC. v. TOWN OF HARRISON, MAINE, et al.",103,5,4,NA,NA,NA,NA,NA,NA,NA,NA,NA,NA,NA,NA,NA,NA,NA,NA,NA,NA,NA,NA,NA,NA,NA,2,1,1,2,1,1,2,2,1,NA,NA,NA,NA,NA,NA,NA,NA,1997/05/19 00:00:00,1997,No,Yes,No,NA,NA,NA,NA,NA,NA,NA,NA
521 U.S. 457,1996,Rehnquist,"DAN GLICKMAN, SECRETARY OF AGRICULTURE v. WILEMAN BROTHERS & ELLIOTT, INC., et al.",103,5,4,NA,NA,NA,NA,NA,NA,NA,NA,NA,NA,NA,NA,NA,NA,NA,NA,NA,NA,NA,NA,NA,NA,NA,2,1,1,2,1,2,2,1,1,NA,NA,NA,NA,NA,NA,NA,NA,1997/06/25 00:00:00,1997,No,Yes,No,NA,NA,NA,NA,NA,NA,NA,NA
522 U.S. 3,1997,Rehnquist,"STATE OIL COMPANY v. BARKAT U. KHAN AND KHAN & ASSOCIATES, INC.",104,9,0,NA,NA,NA,NA,NA,NA,NA,NA,NA,NA,NA,NA,NA,NA,NA,NA,NA,NA,NA,NA,NA,NA,NA,1,1,1,1,1,1,1,1,1,NA,NA,NA,NA,NA,NA,NA,NA,1997/11/04 00:00:00,1997,Yes,Yes,Yes,D,D,Bigger company,Smaller company,p1,p1,Yes,P1 is the winner (original defendant)
525 U.S. 128,1998,Rehnquist,"NYNEX CORPORATION, et al. v. DISCON, INCORPORATED",110,9,0,NA,NA,NA,NA,NA,NA,NA,NA,NA,NA,NA,NA,NA,NA,NA,NA,NA,NA,NA,NA,NA,NA,NA,1,1,1,1,1,1,1,1,1,NA,NA,NA,NA,NA,NA,NA,NA,1998/12/14 00:00:00,1998,Yes,Yes,Yes,D,D,Company,Company,p1,p1,Yes,P1 is the winner (original defendant)
525 U.S. 299,1998,Rehnquist,"HUMANA INC., et al. v. MARY FORSYTH et al.",109,9,0,NA,NA,NA,NA,NA,NA,NA,NA,NA,NA,NA,NA,NA,NA,NA,NA,NA,NA,NA,NA,NA,NA,NA,1,1,1,1,1,1,1,1,1,NA,NA,NA,NA,NA,NA,NA,NA,1999/01/20 00:00:00,1999,No,Yes,No,NA,NA,NA,NA,NA,NA,NA,NA
525 U.S. 459,1998,Rehnquist,NATIONAL COLLEGIATE ATHLETIC ASSOCIATION v. R. M. SMITH,109,9,0,NA,NA,NA,NA,NA,NA,NA,NA,NA,NA,NA,NA,NA,NA,NA,NA,NA,NA,NA,NA,NA,NA,NA,1,1,1,1,1,1,1,1,1,NA,NA,NA,NA,NA,NA,NA,NA,1999/02/23 00:00:00,1999,No,Yes,No,NA,NA,NA,NA,NA,NA,NA,NA
526 U.S. 756,1998,Rehnquist,CALIFORNIA DENTAL ASSOCIATION v. FEDERAL TRADE COMMISSION,107,5,4,NA,NA,NA,NA,NA,NA,NA,NA,NA,NA,NA,NA,NA,NA,NA,NA,NA,NA,NA,NA,NA,NA,NA,1,2,1,1,2,1,1,2,2,NA,NA,NA,NA,NA,NA,NA,NA,1999/05/24 00:00:00,1999,Yes,Yes,Yes,D,"NA",Professional association,Government,p1,p2,Yes,P1 is the winner (original defendant)
527 U.S. 666,1998,Rehnquist,COLLEGE SAVINGS BANK v. FLORIDA PREPAID POSTSECONDARY EDUCATION EXPENSE BOARD et al.,105,5,4,NA,NA,NA,NA,NA,NA,NA,NA,NA,NA,NA,NA,NA,NA,NA,NA,NA,NA,NA,NA,NA,NA,NA,1,2,1,1,1,2,1,2,2,NA,NA,NA,NA,NA,NA,NA,NA,1999/06/23 00:00:00,1999,No,Yes,No,NA,NA,NA,NA,NA,NA,NA,NA
529 U.S. 598,1999,Rehnquist,"UNITED STATES v. ANTONIO J. MORRISON, et al.",102,5,4,NA,NA,NA,NA,NA,NA,NA,NA,NA,NA,NA,NA,NA,NA,NA,NA,NA,NA,NA,NA,NA,NA,NA,1,2,1,1,1,2,3,2,2,NA,NA,NA,NA,NA,NA,NA,NA,2000/05/15 00:00:00,2000,No,Yes,No,NA,NA,NA,NA,NA,NA,NA,NA
529 U.S. 765,1999,Rehnquist,"VERMONT AGENCY OF NATURAL RESOURCES v. UNITED STATES, EX REL., JONATHAN STEVENS",105,9,0,NA,NA,NA,NA,NA,NA,NA,NA,NA,NA,NA,NA,NA,NA,NA,NA,NA,NA,NA,NA,NA,NA,NA,1,4,1,1,1,4,1,4,3,NA,NA,NA,NA,NA,NA,NA,NA,2000/05/22 00:00:00,2000,No,Yes,No,NA,NA,NA,NA,NA,NA,NA,NA
531 U.S. 79,2000,Rehnquist,GREEN TREE FINANCIAL CORP.-ALABAMA AND GREEN TREE FINANCIAL CORPORATION v. LARKETTA RANDOLPH,102,9,0,NA,NA,NA,NA,NA,NA,NA,NA,NA,NA,NA,NA,NA,NA,NA,NA,NA,NA,NA,NA,NA,NA,NA,1,1,1,1,1,1,1,1,1,NA,NA,NA,NA,NA,NA,NA,NA,2000/12/11 00:00:00,2000,No,Yes,No,NA,NA,NA,NA,NA,NA,NA,NA
532 U.S. 234,2000,Rehnquist,"MICHAEL F. EASLEY, * GOVERNOR OF NORTH CAROLINA, et al. v. MARTIN CROMARTIE, et al.",110,5,4,NA,NA,NA,NA,NA,NA,NA,NA,NA,NA,NA,NA,NA,NA,NA,NA,NA,NA,NA,NA,NA,NA,NA,2,1,1,2,2,1,2,1,1,NA,NA,NA,NA,NA,NA,NA,NA,2001/04/18 00:00:00,2001,No,Yes,No,NA,NA,NA,NA,NA,NA,NA,NA
533 U.S. 158,2000,Rehnquist,"CEDRIC KUSHNER PROMOTIONS, LTD. v. DON KING, et al.",110,9,0,NA,NA,NA,NA,NA,NA,NA,NA,NA,NA,NA,NA,NA,NA,NA,NA,NA,NA,NA,NA,NA,NA,NA,1,1,1,1,1,1,1,1,1,NA,NA,NA,NA,NA,NA,NA,NA,2001/06/11 00:00:00,2001,No,Yes,No,NA,NA,NA,NA,NA,NA,NA,NA
536 U.S. 516,2001,Rehnquist,BE & K CONSTRUCTION COMPANY v. NATIONAL LABOR RELATIONS BOARD et al.,104,9,0,NA,NA,NA,NA,NA,NA,NA,NA,NA,NA,NA,NA,NA,NA,NA,NA,NA,NA,NA,NA,NA,NA,NA,1,4,1,3,1,4,3,4,4,NA,NA,NA,NA,NA,NA,NA,NA,2002/06/24 00:00:00,2002,No,Yes,No,NA,NA,NA,NA,NA,NA,NA,NA
538 U.S. 329,2002,Rehnquist,"KENTUCKY ASSOCIATION OF HEALTH PLANS, INC., et al. v. JANIE A. MILLER, COMMISSIONER, KENTUCKY DEPARTMENT OF INSURANCE",105,9,0,NA,NA,NA,NA,NA,NA,NA,NA,NA,NA,NA,NA,NA,NA,NA,NA,NA,NA,NA,NA,NA,NA,NA,1,1,1,1,1,1,1,1,1,NA,NA,NA,NA,NA,NA,NA,NA,2003/04/02 00:00:00,2003,No,Yes,No,NA,NA,NA,NA,NA,NA,NA,NA
538 U.S. 701,2002,Rehnquist,"INYO COUNTY, CALIFORNIA, et al. v. PAIUTE-SHOSHONE INDIANS OF THE BISHOP COMMUNITY OF THE BISHOP COLONY et al.",109,9,0,NA,NA,NA,NA,NA,NA,NA,NA,NA,NA,NA,NA,NA,NA,NA,NA,NA,NA,NA,NA,NA,NA,NA,1,4,1,1,1,1,1,1,1,NA,NA,NA,NA,NA,NA,NA,NA,2003/05/19 00:00:00,2003,No,Yes,No,NA,NA,NA,NA,NA,NA,NA,NA
540 U.S. 398,2003,Rehnquist,"VERIZON COMMUNICATIONS INC. v. LAW OFFICES OF CURTIS V TRINKO, LLP",105,9,0,NA,NA,NA,NA,NA,NA,NA,NA,NA,NA,NA,NA,NA,NA,NA,NA,NA,NA,NA,NA,NA,NA,NA,1,4,1,1,1,4,4,1,1,NA,NA,NA,NA,NA,NA,NA,NA,2004/01/13 00:00:00,2004,Yes,Yes,Yes,D,D,Company,Individuals,p1,p1,Yes,P1 is the winner (original defendant)
540 U.S. 736,2003,Rehnquist,UNITED STATES POSTAL SERVICE v. FLAMINGO INDUSTRIES (USA) LTD. et al.,106,9,0,NA,NA,NA,NA,NA,NA,NA,NA,NA,NA,NA,NA,NA,NA,NA,NA,NA,NA,NA,NA,NA,NA,NA,1,1,1,1,1,1,1,1,1,NA,NA,NA,NA,NA,NA,NA,NA,2004/02/25 00:00:00,2004,Yes,Yes,Yes,D,"NA",Federal government,Company,p1,p1,No,P1 is the winner (original defendant)
542 U.S. 155,2003,Rehnquist,"F. HOFFMANN-LA ROCHE LTD, et al. v. EMPAGRAN S.A. et al.",110,8,0,NA,NA,NA,NA,NA,NA,NA,NA,NA,NA,NA,NA,NA,NA,NA,NA,NA,NA,NA,NA,NA,NA,NA,1,1,NA,4,1,1,4,1,1,NA,NA,NA,NA,NA,NA,NA,NA,2004/06/14 00:00:00,2004,Yes,Yes,Yes,D,D,Company,Individuals,p1,p1,Yes,P1 is the winner (original defendant)
543 U.S. 157,2004,Rehnquist,"COOPER INDUSTRIES, INC. v. AVIALL SERVICES, INC.",108,7,2,NA,NA,NA,NA,NA,NA,NA,NA,NA,NA,NA,NA,NA,NA,NA,NA,NA,NA,NA,NA,NA,NA,NA,1,2,1,1,1,1,1,2,1,NA,NA,NA,NA,NA,NA,NA,NA,2004/12/13 00:00:00,2004,No,Yes,No,NA,NA,NA,NA,NA,NA,NA,NA
543 U.S. 209,2004,Rehnquist,DAVID WHITFIELD v. UNITED STATES,104,9,0,NA,NA,NA,NA,NA,NA,NA,NA,NA,NA,NA,NA,NA,NA,NA,NA,NA,NA,NA,NA,NA,NA,NA,1,1,1,1,1,1,1,1,1,NA,NA,NA,NA,NA,NA,NA,NA,2005/01/11 00:00:00,2005,No,Yes,No,NA,NA,NA,NA,NA,NA,NA,NA
545 U.S. 1,2004,Rehnquist,"ALBERTO R. GONZALES, ATTORNEY GENERAL, et al. v. ANGEL MCCLARY RAICH et al.",103,6,3,NA,NA,NA,NA,NA,NA,NA,NA,NA,NA,NA,NA,NA,NA,NA,NA,NA,NA,NA,NA,NA,NA,NA,2,1,2,4,1,1,2,1,1,NA,NA,NA,NA,NA,NA,NA,NA,2005/06/06 00:00:00,2005,No,Yes,No,NA,NA,NA,NA,NA,NA,NA,NA
546 U.S. 164,2005,Roberts,"VOLVO TRUCKS NORTH AMERICA, INC. v. REEDER-SIMCO GMC, INC.",109,7,2,NA,NA,NA,NA,NA,NA,NA,NA,NA,NA,NA,NA,NA,NA,NA,NA,NA,NA,NA,NA,NA,NA,NA,NA,2,1,1,1,1,2,1,1,1,NA,NA,NA,NA,NA,NA,NA,2006/01/10 00:00:00,2006,Yes,No,Yes,D,D,Bigger company,Smaller company,p1,p1,Yes,P1 is the winner (original defendant)
546 U.S. 394,2005,Roberts,"UNITHERM FOOD SYSTEMS, INC. v. SWIFT-ECKRICH, INC., DBA CONAGRA REFRIGERATED FOODS",108,7,2,NA,NA,NA,NA,NA,NA,NA,NA,NA,NA,NA,NA,NA,NA,NA,NA,NA,NA,NA,NA,NA,NA,NA,NA,2,1,1,2,1,1,1,1,1,NA,NA,NA,NA,NA,NA,NA,2006/01/23 00:00:00,2006,No,Yes,No,NA,NA,NA,NA,NA,NA,NA,NA
546 U.S. 440,2005,Roberts,"BUCKEYE CHECK CASHING, INC. v. JOHN CARDEGNA et al.",105,7,1,NA,NA,NA,NA,NA,NA,NA,NA,NA,NA,NA,NA,NA,NA,NA,NA,NA,NA,NA,NA,NA,NA,NA,NA,1,NA,1,1,1,2,1,1,1,NA,NA,NA,NA,NA,NA,NA,2006/02/21 00:00:00,2006,No,Yes,No,NA,NA,NA,NA,NA,NA,NA,NA
547 U.S. 1,2005,Roberts,"TEXACO INC. v. FOUAD N. DAGHER, et al.",108,8,0,NA,NA,NA,NA,NA,NA,NA,NA,NA,NA,NA,NA,NA,NA,NA,NA,NA,NA,NA,NA,NA,NA,NA,NA,1,NA,1,1,1,1,1,1,1,NA,NA,NA,NA,NA,NA,NA,2006/02/28 00:00:00,2006,Yes,Yes,Yes,D,D,Bigger company,Smaller company,p1,p1,No,P1 is the winner (original defendant)
547 U.S. 28,2005,Roberts,"ILLINOIS TOOL WORKS INC., et al. v. INDEPENDENT INK, INC.",103,8,0,NA,NA,NA,NA,NA,NA,NA,NA,NA,NA,NA,NA,NA,NA,NA,NA,NA,NA,NA,NA,NA,NA,NA,NA,1,NA,1,1,1,1,1,1,1,NA,NA,NA,NA,NA,NA,NA,2006/03/01 00:00:00,2006,Yes,Yes,Yes,D,D,Company,Company,p2,p2,Yes,NA
547 U.S. 451,2005,Roberts,"JOSEPH ANZA, et al. v. IDEAL STEEL SUPPLY CORP.",106,9,0,NA,NA,NA,NA,NA,NA,NA,NA,NA,NA,NA,NA,NA,NA,NA,NA,NA,NA,NA,NA,NA,NA,NA,NA,1,NA,3,1,1,4,1,4,1,1,NA,NA,NA,NA,NA,NA,2006/06/05 00:00:00,2006,No,Yes,No,NA,NA,NA,NA,NA,NA,NA,NA
549 U.S. 312,2006,Roberts,"WEYERHAEUSER COMPANY v. ROSS-SIMMONS HARDWOOD LUMBER COMPANY, INC.",108,9,0,NA,NA,NA,NA,NA,NA,NA,NA,NA,NA,NA,NA,NA,NA,NA,NA,NA,NA,NA,NA,NA,NA,NA,NA,1,NA,1,1,1,1,1,1,1,1,NA,NA,NA,NA,NA,NA,2007/02/20 00:00:00,2007,Yes,Yes,Yes,D,D,Bigger company,Smaller company,p1,p1,Yes,P1 is the winner (original defendant)
550 U.S. 544,2006,Roberts,"BELL ATLANTIC CORPORATION, et al. v. WILLIAM TWOMBLY, et al.",107,7,2,NA,NA,NA,NA,NA,NA,NA,NA,NA,NA,NA,NA,NA,NA,NA,NA,NA,NA,NA,NA,NA,NA,NA,NA,2,NA,1,1,1,1,2,1,1,1,NA,NA,NA,NA,NA,NA,2007/05/21 00:00:00,2007,Yes,Yes,Yes,D,D,Company,Individuals,p1,p1,Yes,P1 is the winner (original defendant)
551 U.S. 264,2006,Roberts,"CREDIT SUISSE SECURITIES (USA) LLC, FKA CREDIT SUISSE FIRST BOSTON LLC, et al. v. GLEN BILLING et al.",110,7,1,NA,NA,NA,NA,NA,NA,NA,NA,NA,NA,NA,NA,NA,NA,NA,NA,NA,NA,NA,NA,NA,NA,NA,NA,4,NA,1,NA,1,2,1,1,1,1,NA,NA,NA,NA,NA,NA,2007/06/18 00:00:00,2007,Yes,Yes,Yes,D,P,Company,Individuals,p1,p2,No,P1 is the winner (original defendant)
551 U.S. 877,2006,Roberts,"LEEGIN CREATIVE LEATHER PRODUCTS, INC. v. PSKS, INC., DBA KAY'S KLOSET . . . KAY'S SHOES",106,5,4,NA,NA,NA,NA,NA,NA,NA,NA,NA,NA,NA,NA,NA,NA,NA,NA,NA,NA,NA,NA,NA,NA,NA,NA,2,NA,1,1,2,1,2,2,1,1,NA,NA,NA,NA,NA,NA,2007/06/28 00:00:00,2007,Yes,Yes,Yes,D,D,Bigger company,Smaller company,p1,p1,Yes,P1 is the winner (original defendant)
553 U.S. 617,2007,Roberts,"QUANTA COMPUTER, INC., et al. v. LG ELECTRONICS, INC.",108,9,0,NA,NA,NA,NA,NA,NA,NA,NA,NA,NA,NA,NA,NA,NA,NA,NA,NA,NA,NA,NA,NA,NA,NA,NA,1,NA,1,1,1,1,1,1,1,1,NA,NA,NA,NA,NA,NA,2008/06/09 00:00:00,2008,After,Yes,No,NA,NA,NA,NA,NA,NA,NA,NA
555 U.S. 438,2008,Roberts,"PACIFIC BELL TELEPHONE COMPANY, DBA AT&T CALIFORNIA et al. v. LINKLINE COMMUNICATIONS, INC., et al.",111,9,0,NA,NA,NA,NA,NA,NA,NA,NA,NA,NA,NA,NA,NA,NA,NA,NA,NA,NA,NA,NA,NA,NA,NA,NA,4,NA,1,1,4,1,4,4,1,1,NA,NA,NA,NA,NA,NA,2009/02/25 00:00:00,2009,After,Yes,Yes,D,D,Bigger company,Smaller company,p1,p1,Yes,NA
556 U.S. 662,2008,Roberts,"JOHN D. ASHCROFT, FORMER ATTORNEY GENERAL, et al. v. JAVAID IQBAL et al.",106,5,4,NA,NA,NA,NA,NA,NA,NA,NA,NA,NA,NA,NA,NA,NA,NA,NA,NA,NA,NA,NA,NA,NA,NA,NA,2,NA,1,1,2,1,2,2,1,1,NA,NA,NA,NA,NA,NA,2009/05/18 00:00:00,2009,After,Yes,No,NA,NA,NA,NA,NA,NA,NA,NA
560 U.S. 183,2009,Roberts,"AMERICAN NEEDLE, INC. v. NATIONAL FOOTBALL LEAGUE et al.",103,9,0,NA,NA,NA,NA,NA,NA,NA,NA,NA,NA,NA,NA,NA,NA,NA,NA,NA,NA,NA,NA,NA,NA,NA,NA,1,NA,1,1,NA,1,1,1,1,1,1,NA,NA,NA,NA,NA,2010/05/24 00:00:00,2010,After,Yes,Yes,P,P,Smaller company,Bigger company,p1,p1,Yes,NA
561 U.S. 247,2009,Roberts,"ROBERT MORRISON, et al. v. NATIONAL AUSTRALIA BANK LTD. et al.",105,8,0,NA,NA,NA,NA,NA,NA,NA,NA,NA,NA,NA,NA,NA,NA,NA,NA,NA,NA,NA,NA,NA,NA,NA,NA,4,NA,1,1,NA,1,4,3,1,1,NA,NA,NA,NA,NA,NA,2010/06/24 00:00:00,2010,After,Yes,No,NA,NA,NA,NA,NA,NA,NA,NA
561 U.S. 593,2009,Roberts,"BERNARD L. BILSKI AND RAND A. WARSAW v. DAVID J. KAPPOS, UNDER SECRETARY OF COMMERCE FOR INTELLECTUAL PROPERTY AND DIRECTOR, PATENT AND TRADEMARK OFFICE",106,9,0,NA,NA,NA,NA,NA,NA,NA,NA,NA,NA,NA,NA,NA,NA,NA,NA,NA,NA,NA,NA,NA,NA,NA,NA,4,NA,4,1,NA,1,4,4,1,1,4,NA,NA,NA,NA,NA,2010/06/28 00:00:00,2010,After,Yes,No,NA,NA,NA,NA,NA,NA,NA,NA
564 U.S. 379,2010,Roberts,"BOROUGH OF DURYEA, PENNSYLVANIA, et al., PETITIONERS v. CHARLES J GUARNIERI",106,9,0,NA,NA,NA,NA,NA,NA,NA,NA,NA,NA,NA,NA,NA,NA,NA,NA,NA,NA,NA,NA,NA,NA,NA,NA,NA,NA,4,1,NA,4,1,1,1,1,1,1,NA,NA,NA,NA,2011/06/20 00:00:00,2011,After,Yes,No,NA,NA,NA,NA,NA,NA,NA,NA
564 U.S. 552,2010,Roberts,"SORRELL, ATTORNEY GENERAL OF VERMONT, et al. v. IMS HEALTH INC. ET AL",106,6,3,NA,NA,NA,NA,NA,NA,NA,NA,NA,NA,NA,NA,NA,NA,NA,NA,NA,NA,NA,NA,NA,NA,NA,NA,NA,NA,1,1,NA,1,2,2,1,1,1,2,NA,NA,NA,NA,2011/06/23 00:00:00,2011,After,Yes,No,NA,NA,NA,NA,NA,NA,NA,NA
567 U.S. 343,2011,Roberts,SOUTHERN UNION CO. v. UNITED STATES,113,6,3,NA,NA,NA,NA,NA,NA,NA,NA,NA,NA,NA,NA,NA,NA,NA,NA,NA,NA,NA,NA,NA,NA,NA,NA,NA,NA,1,2,NA,1,1,2,1,2,1,1,NA,NA,NA,NA,2012/06/21 00:00:00,2012,After,Yes,No,NA,NA,NA,NA,NA,NA,NA,NA
568 U.S. 216,2012,Roberts,"FEDERAL TRADE COMMISSION, PETITIONER v. PHOEBE PUTNEY HEALTH SYSTEM, INC., et al.",113,9,0,NA,NA,NA,NA,NA,NA,NA,NA,NA,NA,NA,NA,NA,NA,NA,NA,NA,NA,NA,NA,NA,NA,NA,NA,NA,NA,1,1,NA,1,1,1,1,1,1,1,NA,NA,NA,NA,2013/02/19 00:00:00,2013,After,Yes,Yes,P,"NA",Federal government,Company,p1,p1,Yes,NA
568 U.S. 519,2012,Roberts,"SUPAP KIRTSAENG, DBA BLUECHRISTINE99, PETITIONER v. JOHN WILEY & SONS, INC.",110,6,3,NA,NA,NA,NA,NA,NA,NA,NA,NA,NA,NA,NA,NA,NA,NA,NA,NA,NA,NA,NA,NA,NA,NA,NA,NA,NA,2,2,NA,1,2,1,1,3,1,3,NA,NA,NA,NA,2013/03/19 00:00:00,2013,After,Yes,No,NA,NA,NA,NA,NA,NA,NA,NA
569 U.S. 27,2012,Roberts,"COMCAST CORPORATION, et al., PETITIONERS v. CAROLINE BEHREND et al.",105,5,4,NA,NA,NA,NA,NA,NA,NA,NA,NA,NA,NA,NA,NA,NA,NA,NA,NA,NA,NA,NA,NA,NA,NA,NA,NA,NA,1,1,NA,1,2,2,1,1,2,2,NA,NA,NA,NA,2013/03/27 00:00:00,2013,After,Yes,Yes,D,None,Company,Individuals,p1,None,Majority didn't; minority did,Majority cited the ABA Section on antitrust law
570 U.S. 136,2012,Roberts,"FEDERAL TRADE COMMISSION, PETITIONER v. ACTAVIS, INC., et al.",110,5,3,NA,NA,NA,NA,NA,NA,NA,NA,NA,NA,NA,NA,NA,NA,NA,NA,NA,NA,NA,NA,NA,NA,NA,NA,NA,NA,2,1,NA,2,1,1,2,NA,1,1,NA,NA,NA,NA,2013/06/17 00:00:00,2013,After,Yes,Yes,P,"NA",Federal government,Company,p1,p1,Yes,NA
570 U.S. 228,2012,Roberts,"AMERICAN EXPRESS COMPANY, et al., PETITIONERS v. ITALIAN COLORS RESTAURANT, et al.",105,5,3,NA,NA,NA,NA,NA,NA,NA,NA,NA,NA,NA,NA,NA,NA,NA,NA,NA,NA,NA,NA,NA,NA,NA,NA,NA,NA,1,1,NA,3,2,2,1,1,NA,2,NA,NA,NA,NA,2013/06/20 00:00:00,2013,After,Yes,Yes,D,P,Bigger company,Smaller company,p1,p2,No,NA
572 U.S. 782,2013,Roberts,MICHIGAN v. BAY MILLS INDIAN COMMUNITY,114,5,4,NA,NA,NA,NA,NA,NA,NA,NA,NA,NA,NA,NA,NA,NA,NA,NA,NA,NA,NA,NA,NA,NA,NA,NA,NA,NA,2,1,NA,2,2,1,1,2,3,1,NA,NA,NA,NA,2014/05/27 00:00:00,2014,After,Yes,No,NA,NA,NA,NA,NA,NA,NA,NA
574 U.S. 494,2014,Roberts,NC BD. OF DENTAL EXAMINERS v. FTC,106,6,3,NA,NA,NA,NA,NA,NA,NA,NA,NA,NA,NA,NA,NA,NA,NA,NA,NA,NA,NA,NA,NA,NA,NA,NA,NA,NA,2,1,NA,2,1,1,1,2,1,1,NA,NA,NA,NA,2015/02/25 00:00:00,2015,After,Yes,Yes,D,"NA",Professional association,Government,p2,p2,Yes,NA
574 U.S. 528,2014,Roberts,YATES v. UNITED STATES,109,5,4,NA,NA,NA,NA,NA,NA,NA,NA,NA,NA,NA,NA,NA,NA,NA,NA,NA,NA,NA,NA,NA,NA,NA,NA,NA,NA,2,2,NA,2,5,1,1,4,1,2,NA,NA,NA,NA,2015/02/25 00:00:00,2015,After,Yes,No,NA,NA,NA,NA,NA,NA,NA,NA
574 U.S. 405,2014,Roberts,GELBOIM v. BANK OF AM. CORP.,109,9,0,NA,NA,NA,NA,NA,NA,NA,NA,NA,NA,NA,NA,NA,NA,NA,NA,NA,NA,NA,NA,NA,NA,NA,NA,NA,NA,1,1,NA,1,1,1,1,1,1,1,NA,NA,NA,NA,2015/01/21 00:00:00,2015,After,Yes,No,NA,NA,NA,NA,NA,NA,NA,NA
576 U.S. 787,2014,Roberts,ARIZONA STATE LEGISLATURE v. ARIZONA INDEPENDENT REDISTRICTING COMMISSION,109,5,4,NA,NA,NA,NA,NA,NA,NA,NA,NA,NA,NA,NA,NA,NA,NA,NA,NA,NA,NA,NA,NA,NA,NA,NA,NA,NA,2,1,NA,2,1,1,2,2,1,1,NA,NA,NA,NA,2015/06/29 00:00:00,2015,After,Yes,No,NA,NA,NA,NA,NA,NA,NA,NA
401 U.S. 1204,NA,NA,NA,NA,NA,NA,NA,NA,NA,NA,NA,NA,NA,NA,NA,NA,NA,NA,NA,NA,NA,NA,NA,NA,NA,NA,NA,NA,NA,NA,NA,NA,NA,NA,NA,NA,NA,NA,NA,NA,NA,NA,NA,NA,NA,NA,1971/03/01 00:00:00,1971,No,Yes,No,NA,NA,NA,NA,NA,NA,NA,NA
409 U.S. 917,NA,NA,NA,NA,NA,NA,NA,NA,NA,NA,NA,NA,NA,NA,NA,NA,NA,NA,NA,NA,NA,NA,NA,NA,NA,NA,NA,NA,NA,NA,NA,NA,NA,NA,NA,NA,NA,NA,NA,NA,NA,NA,NA,NA,NA,NA,1972/10/16 00:00:00,1972,No,Yes,No,NA,NA,NA,NA,NA,NA,NA,NA
415 U.S. 961,NA,NA,NA,NA,NA,NA,NA,NA,NA,NA,NA,NA,NA,NA,NA,NA,NA,NA,NA,NA,NA,NA,NA,NA,NA,NA,NA,NA,NA,NA,NA,NA,NA,NA,NA,NA,NA,NA,NA,NA,NA,NA,NA,NA,NA,NA,1974/03/18 00:00:00,1974,No,Yes,No,NA,NA,NA,NA,NA,NA,NA,NA
444 U.S. 1093,NA,NA,NA,NA,NA,NA,NA,NA,NA,NA,NA,NA,NA,NA,NA,NA,NA,NA,NA,NA,NA,NA,NA,NA,NA,NA,NA,NA,NA,NA,NA,NA,NA,NA,NA,NA,NA,NA,NA,NA,NA,NA,NA,NA,NA,NA,1980/02/19 00:00:00,1980,No,Yes,No,NA,NA,NA,NA,NA,NA,NA,NA
459 U.S. 1007,NA,NA,NA,NA,NA,NA,NA,NA,NA,NA,NA,NA,NA,NA,NA,NA,NA,NA,NA,NA,NA,NA,NA,NA,NA,NA,NA,NA,NA,NA,NA,NA,NA,NA,NA,NA,NA,NA,NA,NA,NA,NA,NA,NA,NA,NA,1982/11/08 00:00:00,1982,No,Yes,No,NA,NA,NA,NA,NA,NA,NA,NA
459 U.S. 1074,NA,NA,NA,NA,NA,NA,NA,NA,NA,NA,NA,NA,NA,NA,NA,NA,NA,NA,NA,NA,NA,NA,NA,NA,NA,NA,NA,NA,NA,NA,NA,NA,NA,NA,NA,NA,NA,NA,NA,NA,NA,NA,NA,NA,NA,NA,1982/12/06 00:00:00,1982,No,Yes,No,NA,NA,NA,NA,NA,NA,NA,NA
460 U.S. 1001,NA,NA,NA,NA,NA,NA,NA,NA,NA,NA,NA,NA,NA,NA,NA,NA,NA,NA,NA,NA,NA,NA,NA,NA,NA,NA,NA,NA,NA,NA,NA,NA,NA,NA,NA,NA,NA,NA,NA,NA,NA,NA,NA,NA,NA,NA,1983/02/28 00:00:00,1983,No,Yes,No,NA,NA,NA,NA,NA,NA,NA,NA
463 U.S. 1311,NA,NA,NA,NA,NA,NA,NA,NA,NA,NA,NA,NA,NA,NA,NA,NA,NA,NA,NA,NA,NA,NA,NA,NA,NA,NA,NA,NA,NA,NA,NA,NA,NA,NA,NA,NA,NA,NA,NA,NA,NA,NA,NA,NA,NA,NA,1983/07/21 00:00:00,1983,No,Yes,No,NA,NA,NA,NA,NA,NA,NA,NA
465 U.S. 1038,NA,NA,NA,NA,NA,NA,NA,NA,NA,NA,NA,NA,NA,NA,NA,NA,NA,NA,NA,NA,NA,NA,NA,NA,NA,NA,NA,NA,NA,NA,NA,NA,NA,NA,NA,NA,NA,NA,NA,NA,NA,NA,NA,NA,NA,NA,1984/02/21 00:00:00,1984,No,Yes,No,NA,NA,NA,NA,NA,NA,NA,NA
471 U.S. 1007,NA,NA,NA,NA,NA,NA,NA,NA,NA,NA,NA,NA,NA,NA,NA,NA,NA,NA,NA,NA,NA,NA,NA,NA,NA,NA,NA,NA,NA,NA,NA,NA,NA,NA,NA,NA,NA,NA,NA,NA,NA,NA,NA,NA,NA,NA,1985/04/01 00:00:00,1985,No,Yes,No,NA,NA,NA,NA,NA,NA,NA,NA
486 U.S. 1015,NA,NA,NA,NA,NA,NA,NA,NA,NA,NA,NA,NA,NA,NA,NA,NA,NA,NA,NA,NA,NA,NA,NA,NA,NA,NA,NA,NA,NA,NA,NA,NA,NA,NA,NA,NA,NA,NA,NA,NA,NA,NA,NA,NA,NA,NA,1988/05/16 00:00:00,1988,No,Yes,No,NA,NA,NA,NA,NA,NA,NA,NA
492 U.S. 1301,NA,NA,NA,NA,NA,NA,NA,NA,NA,NA,NA,NA,NA,NA,NA,NA,NA,NA,NA,NA,NA,NA,NA,NA,NA,NA,NA,NA,NA,NA,NA,NA,NA,NA,NA,NA,NA,NA,NA,NA,NA,NA,NA,NA,NA,NA,1989/08/22 00:00:00,1989,No,Yes,No,NA,NA,NA,NA,NA,NA,NA,NA
576 U.S. 446,NA,NA,NA,NA,NA,NA,NA,NA,NA,NA,NA,NA,NA,NA,NA,NA,NA,NA,NA,NA,NA,NA,NA,NA,NA,NA,NA,NA,NA,NA,NA,NA,NA,NA,NA,NA,NA,NA,NA,NA,NA,NA,NA,NA,NA,NA,2015/06/22 00:00:00,2015,After,Yes,No,NA,NA,NA,NA,NA,NA,NA,NA
138 S.Ct. 1612,NA,NA,NA,NA,NA,NA,NA,NA,NA,NA,NA,NA,NA,NA,NA,NA,NA,NA,NA,NA,NA,NA,NA,NA,NA,NA,NA,NA,NA,NA,NA,NA,NA,NA,NA,NA,NA,NA,NA,NA,NA,NA,NA,NA,NA,NA,2018/05/21 00:00:00,2018,After,Yes,No,NA,NA,NA,NA,NA,NA,NA,NA
138 S.Ct. 1865,NA,NA,NA,NA,NA,NA,NA,NA,NA,NA,NA,NA,NA,NA,NA,NA,NA,NA,NA,NA,NA,NA,NA,NA,NA,NA,NA,NA,NA,NA,NA,NA,NA,NA,NA,NA,NA,NA,NA,NA,NA,NA,NA,NA,NA,NA,2018/06/14 00:00:00,2018,After,Yes,No,NA,NA,NA,NA,NA,NA,NA,NA
139 S.Ct. 524,NA,NA,NA,NA,NA,NA,NA,NA,NA,NA,NA,NA,NA,NA,NA,NA,NA,NA,NA,NA,NA,NA,NA,NA,NA,NA,NA,NA,NA,NA,NA,NA,NA,NA,NA,NA,NA,NA,NA,NA,NA,NA,NA,NA,NA,NA,2019/01/08 00:00:00,2019,After,Yes,No,NA,NA,NA,NA,NA,NA,NA,NA
139 S.Ct. 532,NA,NA,NA,NA,NA,NA,NA,NA,NA,NA,NA,NA,NA,NA,NA,NA,NA,NA,NA,NA,NA,NA,NA,NA,NA,NA,NA,NA,NA,NA,NA,NA,NA,NA,NA,NA,NA,NA,NA,NA,NA,NA,NA,NA,NA,NA,2019/01/15 00:00:00,2019,After,Yes,No,NA,NA,NA,NA,NA,NA,NA,NA
139 S.Ct. 759,NA,NA,NA,NA,NA,NA,NA,NA,NA,NA,NA,NA,NA,NA,NA,NA,NA,NA,NA,NA,NA,NA,NA,NA,NA,NA,NA,NA,NA,NA,NA,NA,NA,NA,NA,NA,NA,NA,NA,NA,NA,NA,NA,NA,NA,NA,2019/02/27 00:00:00,2019,After,Yes,No,NA,NA,NA,NA,NA,NA,NA,NA
139 S.Ct. 1853,NA,NA,NA,NA,NA,NA,NA,NA,NA,NA,NA,NA,NA,NA,NA,NA,NA,NA,NA,NA,NA,NA,NA,NA,NA,NA,NA,NA,NA,NA,NA,NA,NA,NA,NA,NA,NA,NA,NA,NA,NA,NA,NA,NA,NA,NA,2019/06/10 00:00:00,2019,After,Yes,No,NA,NA,NA,NA,NA,NA,NA,NA
139 S.Ct. 2116,NA,NA,NA,NA,NA,NA,NA,NA,NA,NA,NA,NA,NA,NA,NA,NA,NA,NA,NA,NA,NA,NA,NA,NA,NA,NA,NA,NA,NA,NA,NA,NA,NA,NA,NA,NA,NA,NA,NA,NA,NA,NA,NA,NA,NA,NA,2019/06/20 00:00:00,2019,After,Yes,No,NA,NA,NA,NA,NA,NA,NA,NA
139 S.Ct. 2484,NA,NA,NA,NA,NA,NA,NA,NA,NA,NA,NA,NA,NA,NA,NA,NA,NA,NA,NA,NA,NA,NA,NA,NA,NA,NA,NA,NA,NA,NA,NA,NA,NA,NA,NA,NA,NA,NA,NA,NA,NA,NA,NA,NA,NA,NA,2019/06/27 00:00:00,2019,After,Yes,No,NA,NA,NA,NA,NA,NA,NA,NA
137 S.Ct. 289 (Mem),NA,NA,NA,NA,NA,NA,NA,NA,NA,NA,NA,NA,NA,NA,NA,NA,NA,NA,NA,NA,NA,NA,NA,NA,NA,NA,NA,NA,NA,NA,NA,NA,NA,NA,NA,NA,NA,NA,NA,NA,NA,NA,NA,NA,NA,NA,2016/11/17 00:00:00,2016,After,Yes,Yes,P,NA,Company,Individuals; small company,NA,p2,NA,Centori improperly granted
138 S.Ct. 2274,NA,NA,NA,NA,NA,NA,NA,NA,NA,NA,NA,NA,NA,NA,NA,NA,NA,NA,NA,NA,NA,NA,NA,NA,NA,NA,NA,NA,NA,NA,NA,NA,NA,NA,NA,NA,NA,NA,NA,NA,NA,NA,NA,NA,NA,NA,2018/06/25 00:00:00,2018,After,Yes,Yes,D,P,Federal government,Company,p2,p1,Yes,NA
139 S.Ct. 1514,NA,NA,NA,NA,NA,NA,NA,NA,NA,NA,NA,NA,NA,NA,NA,NA,NA,NA,NA,NA,NA,NA,NA,NA,NA,NA,NA,NA,NA,NA,NA,NA,NA,NA,NA,NA,NA,NA,NA,NA,NA,NA,NA,NA,NA,NA,2019/05/13 00:00:00,2019,After,Yes,Yes,P,P,Company,Individuals,p2,p1,Yes,NA
141 S.Ct. 2141,NA,NA,NA,NA,NA,NA,NA,NA,NA,NA,NA,NA,NA,NA,NA,NA,NA,NA,NA,NA,NA,NA,NA,NA,NA,NA,NA,NA,NA,NA,NA,NA,NA,NA,NA,NA,NA,NA,NA,NA,NA,NA,NA,NA,NA,NA,2021/06/21 00:00:00,2021,After,Yes,Yes,P,P,Company,Individuals,p2,p2,Yes,NA
399 US 350,NA,NA,NA,NA,NA,NA,NA,NA,NA,NA,NA,NA,NA,NA,NA,NA,NA,NA,NA,NA,NA,NA,NA,NA,NA,NA,NA,NA,NA,NA,NA,NA,NA,NA,NA,NA,NA,NA,NA,NA,NA,NA,NA,NA,NA,NA,1970/06/29 00:00:00,1970,Yes,No,Yes,P,"NA",Federal government,Company,p1,p1,No,NA
